<step title="Incoming Request" date="2026-01-26T03:12:45.003" instance="5a060a" url="/deploy?scmType=ExternalGit&amp;isAsync=true" method="POST" type="request" pid="831,1,7" Host="iapostemanager-app.scm.azurewebsites.net" User-Agent="Azure-WebSites-Controller/106.0.7.121" Authorization="Bas..." Expect="100-continue" Content-Length="81" x-ms-request-id="260beef4-c3a8-42d7-b19a-48ee219e77d7" X-ARR-LOG-ID="260beef4-c3a8-42d7-b19a-48ee219e77d7" CLIENT-IP="20.105.216.44:1091" X-SITE-DEPLOYMENT-ID="iapostemanager-app" WAS-DEFAULT-HOSTNAME="iapostemanager-app.scm.azurewebsites.net" X-MS-PLATFORM-INTERNAL="True" X-Forwarded-Proto="https" X-AppService-Proto="https" X-Forwarded-TlsVersion="1.3" X-WAWS-Unencoded-URL="/deploy?scmType=ExternalGit&amp;isAsync=true" X-Client-IP="20.105.216.44" X-Client-Port="1091" >
  <step title="FetchHandler" date="2026-01-26T03:12:45.071" >
    <step title="GitExeRepository.Initialize" date="2026-01-26T03:12:45.413" >
      <step title="Executing external process" date="2026-01-26T03:12:45.434" type="process" path="git" arguments="init" /><!-- duration: 955ms -->
      <step title="Executing external process" date="2026-01-26T03:12:46.400" type="process" path="git" arguments="config core.autocrlf false" /><!-- duration: 34ms -->
      <step title="Executing external process" date="2026-01-26T03:12:46.443" type="process" path="git" arguments="config core.preloadindex true" /><!-- duration: 27ms -->
      <step title="Executing external process" date="2026-01-26T03:12:46.478" type="process" path="git" arguments="config user.name &quot;unknown&quot;" /><!-- duration: 23ms -->
      <step title="Executing external process" date="2026-01-26T03:12:46.511" type="process" path="git" arguments="config user.email &quot;unknown&quot;" /><!-- duration: 31ms -->
      <step title="Executing external process" date="2026-01-26T03:12:46.555" type="process" path="git" arguments="config filter.lfs.clean &quot;git-lfs clean %f&quot;" /><!-- duration: 21ms -->
      <step title="Executing external process" date="2026-01-26T03:12:46.580" type="process" path="git" arguments="config filter.lfs.smudge &quot;git-lfs smudge %f&quot;" /><!-- duration: 24ms -->
      <step title="Executing external process" date="2026-01-26T03:12:46.609" type="process" path="git" arguments="config filter.lfs.required true" /><!-- duration: 17ms -->
      <step title="Configure git server" date="2026-01-26T03:12:46.630" >
        <step title="Executing external process" date="2026-01-26T03:12:46.634" type="process" path="git" arguments="config receive.denyCurrentBranch ignore" /><!-- duration: 19ms -->
      </step><!-- duration: 27ms -->
      <step title="Create deny users for .git folder" date="2026-01-26T03:12:46.659" /><!-- duration: 46ms -->
      <step title="Configure git-credential" date="2026-01-26T03:12:46.708" >
        <step title="Executing external process" date="2026-01-26T03:12:46.763" type="process" path="git" arguments="config credential.helper &quot;!&apos;/home/site/repository/.git/hooks/git-credential-invalid.sh&apos;&quot;" /><!-- duration: 25ms -->
      </step><!-- duration: 85ms -->
      <step title="Setup post receive hook" date="2026-01-26T03:12:46.797" >
        <step title="Non-Windows enviroment, granting 755 permission to post-receive hook file" date="2026-01-26T03:12:46.839" /><!-- duration: 254ms -->
      </step><!-- duration: 305ms -->
    </step><!-- duration: 1695ms -->
    <step title="Executing external process" date="2026-01-26T03:12:47.111" type="process" path="git" arguments="log -n 1 main --" >
      <step title="Process dump" date="2026-01-26T03:12:47.212" exitCode="128" type="processOutput" /><!-- duration: 5ms -->
    </step><!-- duration: 108ms -->
    <step title="Start deployment in the background" date="2026-01-26T03:12:47.224" >
      <step title="Executing external process" date="2026-01-26T03:12:47.240" type="process" path="git" arguments="rev-parse --git-dir" /><!-- duration: 76ms -->
      <step title="Executing external process" date="2026-01-26T03:12:47.322" type="process" path="git" arguments="rev-parse --git-dir" /><!-- duration: 14ms -->
      <step title="Executing external process" date="2026-01-26T03:12:47.341" type="process" path="git" arguments="log -n 1 main --" >
        <step title="Process dump" date="2026-01-26T03:12:47.356" exitCode="128" type="processOutput" /><!-- duration: 3ms -->
      </step><!-- duration: 52ms -->
      <step title="Acquiring Deployment Lock" date="2026-01-26T03:12:47.412" /><!-- duration: 4ms -->
      <step title="Acquired Deployment Lock" date="2026-01-26T03:12:47.501" /><!-- duration: 5ms -->
    </step><!-- duration: 431ms -->
  </step><!-- duration: 2588ms -->
  <step title="Outgoing response" date="2026-01-26T03:12:47.664" type="response" statusCode="202" statusText="Accepted" /><!-- duration: 4ms -->
</step><!-- duration: 2668ms -->
