<step title="BackgroundTrace" date="2026-01-26T13:28:46.623" instance="1395ad" url="/api/publish" method="POST" >
  <step title="Creating temporary deployment - FetchDeploymentManager" date="2026-01-26T13:28:46.772" /><!-- duration: 2ms -->
  <step title="Creating temporary deployment" date="2026-01-26T13:28:46.777" /><!-- duration: 60ms -->
  <step title="Performing fetch based deployment" date="2026-01-26T13:28:46.873" >
    <step title="Cleaning up temp folders from previous zip deployments and extracting pushed zip file /tmp/zipdeploy/f36ed2de-bf96-453d-a810-3bac4abd91e8.zip (28.15 MB) to /tmp/zipdeploy/extracted" date="2026-01-26T13:28:48.083" >
      <step title="ChmodRecursive Process exited with total time taken in ms: 161" date="2026-01-26T13:28:50.934" /><!-- duration: 6ms -->
    </step><!-- duration: 2913ms -->
    <step title="Deployment timer started" date="2026-01-26T13:28:53.012" >
      <step title="DeploymentManager.Deploy(id:7c5655a0-0df1-48ed-a000-a38042b32594)" date="2026-01-26T13:28:53.020" >
        <step title="Collecting changeset information" date="2026-01-26T13:28:53.029" /><!-- duration: 130ms -->
        <step title="Updating submodules" date="2026-01-26T13:28:53.165" /><!-- duration: 1199ms -->
        <step title="Determining deployment builder" date="2026-01-26T13:28:54.898" >
          <step title="Builder is OneDeployBuilder" date="2026-01-26T13:28:54.904" /><!-- duration: 3ms -->
        </step><!-- duration: 12ms -->
        <step title="PreDeployment: context.CleanOutputPath False" date="2026-01-26T13:28:55.035" >
          <step title="PreDeployment: context.OutputPath /home/site/wwwroot" date="2026-01-26T13:28:55.235" >
            <step title="Building" date="2026-01-26T13:28:55.431" >
              <step title="Executing external process" date="2026-01-26T13:28:56.412" type="process" path="starter.sh" arguments="/opt/Kudu/Scripts/absoluteTar.sh /tmp/zipdeploy/extracted/node_modules /tmp/zipdeploy/extracted/node_modules.tar.gz" /><!-- duration: 4260ms -->
              <step title="Executing external process" date="2026-01-26T13:29:00.990" type="process" path="starter.sh" arguments="/opt/Kudu/Scripts/parallel_rsync.sh /tmp/zipdeploy/extracted /home/site/wwwroot 8 /tmp/ False False node_modules " /><!-- duration: 2684ms -->
              <step title="Modified file to trigger a restart of the app container." date="2026-01-26T13:29:04.769" /><!-- duration: 4ms -->
              <step title="Skip function trigger and logicapp sync because function is not enabled." date="2026-01-26T13:29:04.777" /><!-- duration: 3ms -->
              <step title="Purge deployment items" date="2026-01-26T13:29:05.685" >
                <step title="Remove d74ec0ee9, Failed, received at 01/26/2026 03:14:36" date="2026-01-26T13:29:05.797" /><!-- duration: 20ms -->
              </step><!-- duration: 139ms -->
            </step><!-- duration: 10525ms -->
          </step><!-- duration: 10725ms -->
          <step title="Cleaning up temp files" date="2026-01-26T13:29:05.963" /><!-- duration: 5ms -->
          <step title="Cleaning up temp files" date="2026-01-26T13:29:05.971" /><!-- duration: 508ms -->
          <step title="Reloading status file with latest updates" date="2026-01-26T13:29:06.542" >
            <step title="WebHooksManager.PublishEventAsync: PostDeployment" date="2026-01-26T13:29:06.548" /><!-- duration: 90ms -->
          </step><!-- duration: 124ms -->
          <step title="Cleaning up temporary deployment - fetch deployment was successful" date="2026-01-26T13:29:06.670" /><!-- duration: 3ms -->
        </step><!-- duration: 11982ms -->
      </step><!-- duration: 14011ms -->
