<step title="Incoming Request" date="2026-01-26T13:28:44.995" instance="1395ad" url="/api/publish?async=true&amp;deployer=GITHUB_ONE_DEPLOY&amp;type=zip&amp;message=%7B%22type%22%3A%22deployment%22%2C%22sha%22%3A%22abae96744a93c01046e53c87c7341bb9aea10281%22%2C%22repoName%22%3A%22mobby57%2Fiapostemanager%22%2C%22actor%22%3A%22mobby57%22%2C%22slotName%22%3A%22production%22%2C%22commitMessage%22%3A%22%22%7D" method="POST" type="request" pid="831,1,14" Host="iapostemanager-app.scm.azurewebsites.net" User-Agent="GITHUBACTIONS_DeployWebAppToAzure_a8c58f0552325ea3696ebede1fd68b5a44eb522b46a983af5286a10de2635278" Authorization="Bea..." Content-Type="application/octet-stream" Cookie="ARRAffinity=1395ad1ed709ad12a07cd1210dcc56f73cf1aec53db200adb6222159061ec345;Path=/;HttpOnly;Secure;Domain=iapostemanager-app.scm.azurewebsites.net; ARRAffinitySameSite=1395ad1ed709ad12a07cd1210dcc56f73cf1aec53db200adb6222159061ec345;Path=/;HttpOnly;SameSite=None;Secure;Domain=iapostemanager-app.scm.azurewebsites.net" Transfer-Encoding="chunked" X-ARR-LOG-ID="d3ef84fb-d437-44f7-a5fc-87a03088746b" CLIENT-IP="135.232.224.98:64448" X-SITE-DEPLOYMENT-ID="iapostemanager-app" WAS-DEFAULT-HOSTNAME="iapostemanager-app.scm.azurewebsites.net" X-Forwarded-Proto="https" X-AppService-Proto="https" X-Forwarded-TlsVersion="1.3" X-WAWS-Unencoded-URL="/api/publish?async=true&amp;deployer=GITHUB_ONE_DEPLOY&amp;type=zip&amp;message=%7B%22type%22%3A%22deployment%22%2C%22sha%22%3A%22abae96744a93c01046e53c87c7341bb9aea10281%22%2C%22repoName%22%3A%22mobby57%2Fiapostemanager%22%2C%22actor%22%3A%22mobby57%22%2C%22slotName%22%3A%22production%22%2C%22commitMessage%22%3A%22%22%7D" X-Client-IP="135.232.224.98" X-Client-Port="64448" >
  <step title="Cleanup Xml Logs" date="2026-01-26T13:28:44.999" /><!-- duration: 6ms -->
  <step title="OneDeploy" date="2026-01-26T13:28:45.045" >
    <step title="None repository commit" date="2026-01-26T13:28:45.052" >
      <step title="Commit id: 7c5655a0-0df1-48ed-a000-a38042b32594" date="2026-01-26T13:28:45.056" Message="N/A" AuthorName="N/A" AuthorEmail="N/A" /><!-- duration: 4ms -->
    </step><!-- duration: 12ms -->
    <step title="Starting PushDeployAsync" date="2026-01-26T13:28:45.067" /><!-- duration: 3ms -->
    <step title="Writing artifact to /tmp/zipdeploy/f36ed2de-bf96-453d-a810-3bac4abd91e8.zip" date="2026-01-26T13:28:45.080" >
      <step title="Writing multipart request body to /tmp/zipdeploy/f36ed2de-bf96-453d-a810-3bac4abd91e8.zip" date="2026-01-26T13:28:45.087" /><!-- duration: 3ms -->
    </step><!-- duration: 1492ms -->
    <step title="None repository commit" date="2026-01-26T13:28:46.586" >
      <step title="Commit id: 7c5655a0-0df1-48ed-a000-a38042b32594" date="2026-01-26T13:28:46.589" Message="N/A" AuthorName="N/A" AuthorEmail="N/A" /><!-- duration: 3ms -->
    </step><!-- duration: 9ms -->
    <step title="Start deployment in the background" date="2026-01-26T13:28:46.598" >
      <step title="None repository commit" date="2026-01-26T13:28:46.630" >
        <step title="Commit id: 7c5655a0-0df1-48ed-a000-a38042b32594" date="2026-01-26T13:28:46.673" Message="N/A" AuthorName="N/A" AuthorEmail="N/A" /><!-- duration: 2ms -->
      </step><!-- duration: 49ms -->
      <step title="Acquiring Deployment Lock" date="2026-01-26T13:28:46.685" /><!-- duration: 5ms -->
      <step title="Acquired Deployment Lock" date="2026-01-26T13:28:46.765" /><!-- duration: 4ms -->
    </step><!-- duration: 243ms -->
  </step><!-- duration: 1804ms -->
  <step title="Outgoing response" date="2026-01-26T13:28:46.856" type="response" statusCode="202" statusText="Accepted" /><!-- duration: 3ms -->
</step><!-- duration: 1867ms -->
