<step title="Incoming Request" date="2026-01-26T20:00:40.723" instance="d65e79" url="/api/publish?async=true&amp;deployer=GITHUB_ONE_DEPLOY&amp;type=zip&amp;message=%7B%22type%22%3A%22deployment%22%2C%22sha%22%3A%2211e6d6c78d7db49212024048781172f7cb0c0b34%22%2C%22repoName%22%3A%22mobby57%2Fiapostemanager%22%2C%22actor%22%3A%22mobby57%22%2C%22slotName%22%3A%22production%22%2C%22commitMessage%22%3A%22%22%7D" method="POST" type="request" pid="831,1,7" Host="iapostemanager-app.scm.azurewebsites.net" User-Agent="GITHUBACTIONS_DeployWebAppToAzure_a8c58f0552325ea3696ebede1fd68b5a44eb522b46a983af5286a10de2635278" Authorization="Bea..." Content-Type="application/octet-stream" Cookie="ARRAffinity=d65e799a04a06f57e92b1447a8f16ea78614af8dc4c9923223fb8c8da3c0b1c8;Path=/;HttpOnly;Secure;Domain=iapostemanager-app.scm.azurewebsites.net; ARRAffinitySameSite=d65e799a04a06f57e92b1447a8f16ea78614af8dc4c9923223fb8c8da3c0b1c8;Path=/;HttpOnly;SameSite=None;Secure;Domain=iapostemanager-app.scm.azurewebsites.net" Transfer-Encoding="chunked" X-ARR-LOG-ID="3dfa8977-53d2-4dab-aa79-5c56f4e4f09a" CLIENT-IP="20.168.119.84:36248" X-SITE-DEPLOYMENT-ID="iapostemanager-app" WAS-DEFAULT-HOSTNAME="iapostemanager-app.scm.azurewebsites.net" X-Forwarded-Proto="https" X-AppService-Proto="https" X-Forwarded-TlsVersion="1.3" X-WAWS-Unencoded-URL="/api/publish?async=true&amp;deployer=GITHUB_ONE_DEPLOY&amp;type=zip&amp;message=%7B%22type%22%3A%22deployment%22%2C%22sha%22%3A%2211e6d6c78d7db49212024048781172f7cb0c0b34%22%2C%22repoName%22%3A%22mobby57%2Fiapostemanager%22%2C%22actor%22%3A%22mobby57%22%2C%22slotName%22%3A%22production%22%2C%22commitMessage%22%3A%22%22%7D" X-Client-IP="20.168.119.84" X-Client-Port="36248" >
  <step title="Cleanup Xml Logs" date="2026-01-26T20:00:40.728" /><!-- duration: 6ms -->
  <step title="OneDeploy" date="2026-01-26T20:00:40.781" >
    <step title="None repository commit" date="2026-01-26T20:00:40.788" >
      <step title="Commit id: 5ada9933-19df-4f2e-aae6-0468f360936a" date="2026-01-26T20:00:40.791" Message="N/A" AuthorName="N/A" AuthorEmail="N/A" /><!-- duration: 3ms -->
    </step><!-- duration: 8ms -->
    <step title="Starting PushDeployAsync" date="2026-01-26T20:00:40.800" /><!-- duration: 3ms -->
    <step title="Removing node_modules symlink" date="2026-01-26T20:00:40.811" >
      <step title="Removing _del_node_modules symlink" date="2026-01-26T20:00:40.849" >
        <step title="Writing artifact to /tmp/zipdeploy/3ea7454c-8635-41d6-a21f-c6337e1dbb9a.zip" date="2026-01-26T20:00:40.868" >
          <step title="Writing multipart request body to /tmp/zipdeploy/3ea7454c-8635-41d6-a21f-c6337e1dbb9a.zip" date="2026-01-26T20:00:40.872" /><!-- duration: 4ms -->
        </step><!-- duration: 2093ms -->
        <step title="None repository commit" date="2026-01-26T20:00:42.974" >
          <step title="Commit id: 5ada9933-19df-4f2e-aae6-0468f360936a" date="2026-01-26T20:00:42.977" Message="N/A" AuthorName="N/A" AuthorEmail="N/A" /><!-- duration: 3ms -->
        </step><!-- duration: 9ms -->
        <step title="Start deployment in the background" date="2026-01-26T20:00:42.989" >
          <step title="None repository commit" date="2026-01-26T20:00:43.013" >
            <step title="Commit id: 5ada9933-19df-4f2e-aae6-0468f360936a" date="2026-01-26T20:00:43.016" Message="N/A" AuthorName="N/A" AuthorEmail="N/A" /><!-- duration: 3ms -->
          </step><!-- duration: 10ms -->
          <step title="Acquiring Deployment Lock" date="2026-01-26T20:00:43.028" /><!-- duration: 4ms -->
          <step title="Acquired Deployment Lock" date="2026-01-26T20:00:43.087" /><!-- duration: 3ms -->
        </step><!-- duration: 175ms -->
      </step><!-- duration: 2321ms -->
      <step title="Outgoing response" date="2026-01-26T20:00:43.179" type="response" statusCode="202" statusText="Accepted" /><!-- duration: 3ms -->
    </step><!-- duration: 2375ms -->
