<step title="BackgroundTrace" date="2026-01-26T20:00:42.993" instance="d65e79" url="/api/publish" method="POST" >
  <step title="Creating temporary deployment - FetchDeploymentManager" date="2026-01-26T20:00:43.092" /><!-- duration: 2ms -->
  <step title="Creating temporary deployment" date="2026-01-26T20:00:43.101" /><!-- duration: 59ms -->
  <step title="Performing fetch based deployment" date="2026-01-26T20:00:43.195" >
    <step title="Cleaning up temp folders from previous zip deployments and extracting pushed zip file /tmp/zipdeploy/3ea7454c-8635-41d6-a21f-c6337e1dbb9a.zip (28.15 MB) to /tmp/zipdeploy/extracted" date="2026-01-26T20:00:44.394" >
      <step title="ChmodRecursive Process exited with total time taken in ms: 64" date="2026-01-26T20:00:46.371" /><!-- duration: 4ms -->
    </step><!-- duration: 1984ms -->
    <step title="Deployment timer started" date="2026-01-26T20:00:48.393" >
      <step title="DeploymentManager.Deploy(id:5ada9933-19df-4f2e-aae6-0468f360936a)" date="2026-01-26T20:00:48.395" >
        <step title="Collecting changeset information" date="2026-01-26T20:00:48.405" /><!-- duration: 148ms -->
        <step title="Updating submodules" date="2026-01-26T20:00:48.558" /><!-- duration: 1186ms -->
        <step title="Determining deployment builder" date="2026-01-26T20:00:50.058" >
          <step title="Builder is OneDeployBuilder" date="2026-01-26T20:00:50.061" /><!-- duration: 4ms -->
        </step><!-- duration: 11ms -->
        <step title="PreDeployment: context.CleanOutputPath False" date="2026-01-26T20:00:50.128" >
          <step title="PreDeployment: context.OutputPath /home/site/wwwroot" date="2026-01-26T20:00:50.304" >
            <step title="Building" date="2026-01-26T20:00:50.532" >
              <step title="Executing external process" date="2026-01-26T20:00:51.947" type="process" path="starter.sh" arguments="/opt/Kudu/Scripts/absoluteTar.sh /tmp/zipdeploy/extracted/node_modules /tmp/zipdeploy/extracted/node_modules.tar.gz" /><!-- duration: 3798ms -->
              <step title="Executing external process" date="2026-01-26T20:00:56.035" type="process" path="starter.sh" arguments="/opt/Kudu/Scripts/parallel_rsync.sh /tmp/zipdeploy/extracted /home/site/wwwroot 8 /tmp/ False False node_modules " /><!-- duration: 1946ms -->
              <step title="Modified file to trigger a restart of the app container." date="2026-01-26T20:00:59.301" /><!-- duration: 5ms -->
              <step title="Skip function trigger and logicapp sync because function is not enabled." date="2026-01-26T20:00:59.310" /><!-- duration: 3ms -->
            </step><!-- duration: 9704ms -->
          </step><!-- duration: 9937ms -->
          <step title="Cleaning up temp files" date="2026-01-26T20:01:00.244" /><!-- duration: 6ms -->
          <step title="Cleaning up temp files" date="2026-01-26T20:01:00.253" /><!-- duration: 503ms -->
          <step title="Reloading status file with latest updates" date="2026-01-26T20:01:00.803" >
            <step title="WebHooksManager.PublishEventAsync: PostDeployment" date="2026-01-26T20:01:00.809" /><!-- duration: 40ms -->
          </step><!-- duration: 48ms -->
          <step title="Cleaning up temporary deployment - fetch deployment was successful" date="2026-01-26T20:01:00.858" /><!-- duration: 3ms -->
        </step><!-- duration: 10833ms -->
      </step><!-- duration: 12579ms -->
