<step title="Incoming Request" date="2026-01-26T03:13:59.114" instance="5a060a" url="/deploy?scmType=ExternalGit&amp;isAsync=true" method="POST" type="request" pid="831,1,7" Host="iapostemanager-app.scm.azurewebsites.net" User-Agent="Azure-WebSites-Controller/106.0.7.121" Authorization="Bas..." Expect="100-continue" Content-Length="81" x-ms-request-id="cf248067-d930-4a2e-bad0-8bda108734fa" X-ARR-LOG-ID="cf248067-d930-4a2e-bad0-8bda108734fa" CLIENT-IP="20.105.216.44:1091" X-SITE-DEPLOYMENT-ID="iapostemanager-app" WAS-DEFAULT-HOSTNAME="iapostemanager-app.scm.azurewebsites.net" X-MS-PLATFORM-INTERNAL="True" X-Forwarded-Proto="https" X-AppService-Proto="https" X-Forwarded-TlsVersion="1.3" X-WAWS-Unencoded-URL="/deploy?scmType=ExternalGit&amp;isAsync=true" X-Client-IP="20.105.216.44" X-Client-Port="1091" >
  <step title="Cleanup Xml Logs" date="2026-01-26T03:13:59.119" /><!-- duration: 6ms -->
  <step title="FetchHandler" date="2026-01-26T03:13:59.146" >
    <step title="Executing external process" date="2026-01-26T03:13:59.200" type="process" path="git" arguments="rev-parse --git-dir" /><!-- duration: 52ms -->
    <step title="Executing external process" date="2026-01-26T03:13:59.256" type="process" path="git" arguments="rev-parse --git-dir" /><!-- duration: 10ms -->
    <step title="Executing external process" date="2026-01-26T03:13:59.270" type="process" path="git" arguments="log -n 1 main --" >
      <step title="Process dump" date="2026-01-26T03:13:59.302" exitCode="128" type="processOutput" /><!-- duration: 4ms -->
    </step><!-- duration: 39ms -->
    <step title="Start deployment in the background" date="2026-01-26T03:13:59.316" >
      <step title="Executing external process" date="2026-01-26T03:13:59.330" type="process" path="git" arguments="rev-parse --git-dir" /><!-- duration: 10ms -->
      <step title="Executing external process" date="2026-01-26T03:13:59.343" type="process" path="git" arguments="rev-parse --git-dir" /><!-- duration: 12ms -->
      <step title="Executing external process" date="2026-01-26T03:13:59.359" type="process" path="git" arguments="log -n 1 main --" >
        <step title="Process dump" date="2026-01-26T03:13:59.371" exitCode="128" type="processOutput" /><!-- duration: 3ms -->
      </step><!-- duration: 20ms -->
      <step title="Acquiring Deployment Lock" date="2026-01-26T03:13:59.383" /><!-- duration: 4ms -->
      <step title="Acquired Deployment Lock" date="2026-01-26T03:13:59.473" /><!-- duration: 5ms -->
    </step><!-- duration: 282ms -->
  </step><!-- duration: 462ms -->
  <step title="Outgoing response" date="2026-01-26T03:13:59.614" type="response" statusCode="202" statusText="Accepted" /><!-- duration: 6ms -->
</step><!-- duration: 511ms -->
