{"Version":1,"ManifestType":"Publish","Endpoints":[{"Route":"advanced-features.aqp3rep1gh.js","AssetFile":"advanced-features.js.gz","Selectors":[{"Name":"Content-Encoding","Value":"gzip","Quality":"0.000279876854"}],"ResponseHeaders":[{"Name":"Accept-Ranges","Value":"bytes"},{"Name":"Cache-Control","Value":"max-age=31536000, immutable"},{"Name":"Content-Encoding","Value":"gzip"},{"Name":"Content-Length","Value":"3572"},{"Name":"Content-Type","Value":"text/javascript"},{"Name":"ETag","Value":"\"UdEdfYq2IU+I7rt0UsBrDbKb4QS9vRgmIcDoQ7ymbAg=\""},{"Name":"ETag","Value":"W/\"AmhW1Q/QPFxMQcL0IdypyW/zSbY8sSWoKeQqRvm+zns=\""},{"Name":"Last-Modified","Value":"Sun, 22 Feb 2026 22:11:54 GMT"},{"Name":"Vary","Value":"Content-Encoding"}],"EndpointProperties":[{"Name":"fingerprint","Value":"aqp3rep1gh"},{"Name":"integrity","Value":"sha256-AmhW1Q/QPFxMQcL0IdypyW/zSbY8sSWoKeQqRvm+zns="},{"Name":"label","Value":"advanced-features.js"}]},{"Route":"advanced-features.aqp3rep1gh.js","AssetFile":"advanced-features.js.br","Selectors":[{"Name":"Content-Encoding","Value":"br","Quality":"0.000331125828"}],"ResponseHeaders":[{"Name":"Accept-Ranges","Value":"bytes"},{"Name":"Cache-Control","Value":"max-age=31536000, immutable"},{"Name":"Content-Encoding","Value":"br"},{"Name":"Content-Length","Value":"3019"},{"Name":"Content-Type","Value":"text/javascript"},{"Name":"ETag","Value":"\"hqNoP4Qq071yV/aavRjNeNoAnSDXhXujx47trm4+HBU=\""},{"Name":"ETag","Value":"W/\"AmhW1Q/QPFxMQcL0IdypyW/zSbY8sSWoKeQqRvm+zns=\""},{"Name":"Last-Modified","Value":"Sun, 22 Feb 2026 22:11:56 GMT"},{"Name":"Vary","Value":"Content-Encoding"}],"EndpointProperties":[{"Name":"fingerprint","Value":"aqp3rep1gh"},{"Name":"integrity","Value":"sha256-AmhW1Q/QPFxMQcL0IdypyW/zSbY8sSWoKeQqRvm+zns="},{"Name":"label","Value":"advanced-features.js"}]},{"Route":"advanced-features.aqp3rep1gh.js","AssetFile":"advanced-features.js","Selectors":[],"ResponseHeaders":[{"Name":"Accept-Ranges","Value":"bytes"},{"Name":"Cache-Control","Value":"max-age=31536000, immutable"},{"Name":"Content-Length","Value":"13501"},{"Name":"Content-Type","Value":"text/javascript"},{"Name":"ETag","Value":"\"AmhW1Q/QPFxMQcL0IdypyW/zSbY8sSWoKeQqRvm+zns=\""},{"Name":"Last-Modified","Value":"Sun, 22 Feb 2026 22:01:11 GMT"}],"EndpointProperties":[{"Name":"fingerprint","Value":"aqp3rep1gh"},{"Name":"integrity","Value":"sha256-AmhW1Q/QPFxMQcL0IdypyW/zSbY8sSWoKeQqRvm+zns="},{"Name":"label","Value":"advanced-features.js"}]},{"Route":"advanced-features.aqp3rep1gh.js.br","AssetFile":"advanced-features.js.br","Selectors":[],"ResponseHeaders":[{"Name":"Accept-Ranges","Value":"bytes"},{"Name":"Cache-Control","Value":"max-age=31536000, immutable"},{"Name":"Content-Encoding","Value":"br"},{"Name":"Content-Length","Value":"3019"},{"Name":"Content-Type","Value":"text/javascript"},{"Name":"ETag","Value":"\"hqNoP4Qq071yV/aavRjNeNoAnSDXhXujx47trm4+HBU=\""},{"Name":"Last-Modified","Value":"Sun, 22 Feb 2026 22:11:56 GMT"},{"Name":"Vary","Value":"Content-Encoding"}],"EndpointProperties":[{"Name":"fingerprint","Value":"aqp3rep1gh"},{"Name":"integrity","Value":"sha256-hqNoP4Qq071yV/aavRjNeNoAnSDXhXujx47trm4+HBU="},{"Name":"label","Value":"advanced-features.js.br"}]},{"Route":"advanced-features.aqp3rep1gh.js.gz","AssetFile":"advanced-features.js.gz","Selectors":[],"ResponseHeaders":[{"Name":"Accept-Ranges","Value":"bytes"},{"Name":"Cache-Control","Value":"max-age=31536000, immutable"},{"Name":"Content-Encoding","Value":"gzip"},{"Name":"Content-Length","Value":"3572"},{"Name":"Content-Type","Value":"text/javascript"},{"Name":"ETag","Value":"\"UdEdfYq2IU+I7rt0UsBrDbKb4QS9vRgmIcDoQ7ymbAg=\""},{"Name":"Last-Modified","Value":"Sun, 22 Feb 2026 22:11:54 GMT"},{"Name":"Vary","Value":"Content-Encoding"}],"EndpointProperties":[{"Name":"fingerprint","Value":"aqp3rep1gh"},{"Name":"integrity","Value":"sha256-UdEdfYq2IU+I7rt0UsBrDbKb4QS9vRgmIcDoQ7ymbAg="},{"Name":"label","Value":"advanced-features.js.gz"}]},{"Route":"advanced-features.js","AssetFile":"advanced-features.js.gz","Selectors":[{"Name":"Content-Encoding","Value":"gzip","Quality":"0.000279876854"}],"ResponseHeaders":[{"Name":"Accept-Ranges","Value":"bytes"},{"Name":"Cache-Control","Value":"no-cache"},{"Name":"Content-Encoding","Value":"gzip"},{"Name":"Content-Length","Value":"3572"},{"Name":"Content-Type","Value":"text/javascript"},{"Name":"ETag","Value":"\"UdEdfYq2IU+I7rt0UsBrDbKb4QS9vRgmIcDoQ7ymbAg=\""},{"Name":"ETag","Value":"W/\"AmhW1Q/QPFxMQcL0IdypyW/zSbY8sSWoKeQqRvm+zns=\""},{"Name":"Last-Modified","Value":"Sun, 22 Feb 2026 22:11:54 GMT"},{"Name":"Vary","Value":"Content-Encoding"}],"EndpointProperties":[{"Name":"integrity","Value":"sha256-AmhW1Q/QPFxMQcL0IdypyW/zSbY8sSWoKeQqRvm+zns="}]},{"Route":"advanced-features.js","AssetFile":"advanced-features.js.br","Selectors":[{"Name":"Content-Encoding","Value":"br","Quality":"0.000331125828"}],"ResponseHeaders":[{"Name":"Accept-Ranges","Value":"bytes"},{"Name":"Cache-Control","Value":"no-cache"},{"Name":"Content-Encoding","Value":"br"},{"Name":"Content-Length","Value":"3019"},{"Name":"Content-Type","Value":"text/javascript"},{"Name":"ETag","Value":"\"hqNoP4Qq071yV/aavRjNeNoAnSDXhXujx47trm4+HBU=\""},{"Name":"ETag","Value":"W/\"AmhW1Q/QPFxMQcL0IdypyW/zSbY8sSWoKeQqRvm+zns=\""},{"Name":"Last-Modified","Value":"Sun, 22 Feb 2026 22:11:56 GMT"},{"Name":"Vary","Value":"Content-Encoding"}],"EndpointProperties":[{"Name":"integrity","Value":"sha256-AmhW1Q/QPFxMQcL0IdypyW/zSbY8sSWoKeQqRvm+zns="}]},{"Route":"advanced-features.js","AssetFile":"advanced-features.js","Selectors":[],"ResponseHeaders":[{"Name":"Accept-Ranges","Value":"bytes"},{"Name":"Cache-Control","Value":"no-cache"},{"Name":"Content-Length","Value":"13501"},{"Name":"Content-Type","Value":"text/javascript"},{"Name":"ETag","Value":"\"AmhW1Q/QPFxMQcL0IdypyW/zSbY8sSWoKeQqRvm+zns=\""},{"Name":"Last-Modified","Value":"Sun, 22 Feb 2026 22:01:11 GMT"}],"EndpointProperties":[{"Name":"integrity","Value":"sha256-AmhW1Q/QPFxMQcL0IdypyW/zSbY8sSWoKeQqRvm+zns="}]},{"Route":"advanced-features.js.br","AssetFile":"advanced-features.js.br","Selectors":[],"ResponseHeaders":[{"Name":"Accept-Ranges","Value":"bytes"},{"Name":"Cache-Control","Value":"no-cache"},{"Name":"Content-Encoding","Value":"br"},{"Name":"Content-Length","Value":"3019"},{"Name":"Content-Type","Value":"text/javascript"},{"Name":"ETag","Value":"\"hqNoP4Qq071yV/aavRjNeNoAnSDXhXujx47trm4+HBU=\""},{"Name":"Last-Modified","Value":"Sun, 22 Feb 2026 22:11:56 GMT"},{"Name":"Vary","Value":"Content-Encoding"}],"EndpointProperties":[{"Name":"integrity","Value":"sha256-hqNoP4Qq071yV/aavRjNeNoAnSDXhXujx47trm4+HBU="}]},{"Route":"advanced-features.js.gz","AssetFile":"advanced-features.js.gz","Selectors":[],"ResponseHeaders":[{"Name":"Accept-Ranges","Value":"bytes"},{"Name":"Cache-Control","Value":"no-cache"},{"Name":"Content-Encoding","Value":"gzip"},{"Name":"Content-Length","Value":"3572"},{"Name":"Content-Type","Value":"text/javascript"},{"Name":"ETag","Value":"\"UdEdfYq2IU+I7rt0UsBrDbKb4QS9vRgmIcDoQ7ymbAg=\""},{"Name":"Last-Modified","Value":"Sun, 22 Feb 2026 22:11:54 GMT"},{"Name":"Vary","Value":"Content-Encoding"}],"EndpointProperties":[{"Name":"integrity","Value":"sha256-UdEdfYq2IU+I7rt0UsBrDbKb4QS9vRgmIcDoQ7ymbAg="}]},{"Route":"attachments.html","AssetFile":"attachments.html.gz","Selectors":[{"Name":"Content-Encoding","Value":"gzip","Quality":"0.000342465753"}],"ResponseHeaders":[{"Name":"Accept-Ranges","Value":"bytes"},{"Name":"Cache-Control","Value":"no-cache"},{"Name":"Content-Encoding","Value":"gzip"},{"Name":"Content-Length","Value":"2919"},{"Name":"Content-Type","Value":"text/html"},{"Name":"ETag","Value":"\"QElsXVyELEzaj9xk9lFQeiZChHVrIHxjVYQN62/EVpI=\""},{"Name":"ETag","Value":"W/\"dhFdAk8p0u5XjQg4Ureh9b5X3tuifwp8361Rv/4QQsA=\""},{"Name":"Last-Modified","Value":"Sun, 22 Feb 2026 04:51:21 GMT"},{"Name":"Vary","Value":"Content-Encoding"}],"EndpointProperties":[{"Name":"integrity","Value":"sha256-dhFdAk8p0u5XjQg4Ureh9b5X3tuifwp8361Rv/4QQsA="}]},{"Route":"attachments.html","AssetFile":"attachments.html.br","Selectors":[{"Name":"Content-Encoding","Value":"br","Quality":"0.000414250207"}],"ResponseHeaders":[{"Name":"Accept-Ranges","Value":"bytes"},{"Name":"Cache-Control","Value":"no-cache"},{"Name":"Content-Encoding","Value":"br"},{"Name":"Content-Length","Value":"2413"},{"Name":"Content-Type","Value":"text/html"},{"Name":"ETag","Value":"\"RkOz2s/LVCAUAOEVy8WXgpNqDYK85MFZp5opNZlchSs=\""},{"Name":"ETag","Value":"W/\"dhFdAk8p0u5XjQg4Ureh9b5X3tuifwp8361Rv/4QQsA=\""},{"Name":"Last-Modified","Value":"Sun, 22 Feb 2026 22:11:56 GMT"},{"Name":"Vary","Value":"Content-Encoding"}],"EndpointProperties":[{"Name":"integrity","Value":"sha256-dhFdAk8p0u5XjQg4Ureh9b5X3tuifwp8361Rv/4QQsA="}]},{"Route":"attachments.html","AssetFile":"attachments.html","Selectors":[],"ResponseHeaders":[{"Name":"Accept-Ranges","Value":"bytes"},{"Name":"Cache-Control","Value":"no-cache"},{"Name":"Content-Length","Value":"11792"},{"Name":"Content-Type","Value":"text/html"},{"Name":"ETag","Value":"\"dhFdAk8p0u5XjQg4Ureh9b5X3tuifwp8361Rv/4QQsA=\""},{"Name":"Last-Modified","Value":"Sun, 22 Feb 2026 04:32:30 GMT"}],"EndpointProperties":[{"Name":"integrity","Value":"sha256-dhFdAk8p0u5XjQg4Ureh9b5X3tuifwp8361Rv/4QQsA="}]},{"Route":"attachments.html.br","AssetFile":"attachments.html.br","Selectors":[],"ResponseHeaders":[{"Name":"Accept-Ranges","Value":"bytes"},{"Name":"Cache-Control","Value":"no-cache"},{"Name":"Content-Encoding","Value":"br"},{"Name":"Content-Length","Value":"2413"},{"Name":"Content-Type","Value":"text/html"},{"Name":"ETag","Value":"\"RkOz2s/LVCAUAOEVy8WXgpNqDYK85MFZp5opNZlchSs=\""},{"Name":"Last-Modified","Value":"Sun, 22 Feb 2026 22:11:56 GMT"},{"Name":"Vary","Value":"Content-Encoding"}],"EndpointProperties":[{"Name":"integrity","Value":"sha256-RkOz2s/LVCAUAOEVy8WXgpNqDYK85MFZp5opNZlchSs="}]},{"Route":"attachments.html.gz","AssetFile":"attachments.html.gz","Selectors":[],"ResponseHeaders":[{"Name":"Accept-Ranges","Value":"bytes"},{"Name":"Cache-Control","Value":"no-cache"},{"Name":"Content-Encoding","Value":"gzip"},{"Name":"Content-Length","Value":"2919"},{"Name":"Content-Type","Value":"text/html"},{"Name":"ETag","Value":"\"QElsXVyELEzaj9xk9lFQeiZChHVrIHxjVYQN62/EVpI=\""},{"Name":"Last-Modified","Value":"Sun, 22 Feb 2026 04:51:21 GMT"},{"Name":"Vary","Value":"Content-Encoding"}],"EndpointProperties":[{"Name":"integrity","Value":"sha256-QElsXVyELEzaj9xk9lFQeiZChHVrIHxjVYQN62/EVpI="}]},{"Route":"attachments.ilno4kn7up.html","AssetFile":"attachments.html.gz","Selectors":[{"Name":"Content-Encoding","Value":"gzip","Quality":"0.000342465753"}],"ResponseHeaders":[{"Name":"Accept-Ranges","Value":"bytes"},{"Name":"Cache-Control","Value":"max-age=31536000, immutable"},{"Name":"Content-Encoding","Value":"gzip"},{"Name":"Content-Length","Value":"2919"},{"Name":"Content-Type","Value":"text/html"},{"Name":"ETag","Value":"\"QElsXVyELEzaj9xk9lFQeiZChHVrIHxjVYQN62/EVpI=\""},{"Name":"ETag","Value":"W/\"dhFdAk8p0u5XjQg4Ureh9b5X3tuifwp8361Rv/4QQsA=\""},{"Name":"Last-Modified","Value":"Sun, 22 Feb 2026 04:51:21 GMT"},{"Name":"Vary","Value":"Content-Encoding"}],"EndpointProperties":[{"Name":"fingerprint","Value":"ilno4kn7up"},{"Name":"integrity","Value":"sha256-dhFdAk8p0u5XjQg4Ureh9b5X3tuifwp8361Rv/4QQsA="},{"Name":"label","Value":"attachments.html"}]},{"Route":"attachments.ilno4kn7up.html","AssetFile":"attachments.html.br","Selectors":[{"Name":"Content-Encoding","Value":"br","Quality":"0.000414250207"}],"ResponseHeaders":[{"Name":"Accept-Ranges","Value":"bytes"},{"Name":"Cache-Control","Value":"max-age=31536000, immutable"},{"Name":"Content-Encoding","Value":"br"},{"Name":"Content-Length","Value":"2413"},{"Name":"Content-Type","Value":"text/html"},{"Name":"ETag","Value":"\"RkOz2s/LVCAUAOEVy8WXgpNqDYK85MFZp5opNZlchSs=\""},{"Name":"ETag","Value":"W/\"dhFdAk8p0u5XjQg4Ureh9b5X3tuifwp8361Rv/4QQsA=\""},{"Name":"Last-Modified","Value":"Sun, 22 Feb 2026 22:11:56 GMT"},{"Name":"Vary","Value":"Content-Encoding"}],"EndpointProperties":[{"Name":"fingerprint","Value":"ilno4kn7up"},{"Name":"integrity","Value":"sha256-dhFdAk8p0u5XjQg4Ureh9b5X3tuifwp8361Rv/4QQsA="},{"Name":"label","Value":"attachments.html"}]},{"Route":"attachments.ilno4kn7up.html","AssetFile":"attachments.html","Selectors":[],"ResponseHeaders":[{"Name":"Accept-Ranges","Value":"bytes"},{"Name":"Cache-Control","Value":"max-age=31536000, immutable"},{"Name":"Content-Length","Value":"11792"},{"Name":"Content-Type","Value":"text/html"},{"Name":"ETag","Value":"\"dhFdAk8p0u5XjQg4Ureh9b5X3tuifwp8361Rv/4QQsA=\""},{"Name":"Last-Modified","Value":"Sun, 22 Feb 2026 04:32:30 GMT"}],"EndpointProperties":[{"Name":"fingerprint","Value":"ilno4kn7up"},{"Name":"integrity","Value":"sha256-dhFdAk8p0u5XjQg4Ureh9b5X3tuifwp8361Rv/4QQsA="},{"Name":"label","Value":"attachments.html"}]},{"Route":"attachments.ilno4kn7up.html.br","AssetFile":"attachments.html.br","Selectors":[],"ResponseHeaders":[{"Name":"Accept-Ranges","Value":"bytes"},{"Name":"Cache-Control","Value":"max-age=31536000, immutable"},{"Name":"Content-Encoding","Value":"br"},{"Name":"Content-Length","Value":"2413"},{"Name":"Content-Type","Value":"text/html"},{"Name":"ETag","Value":"\"RkOz2s/LVCAUAOEVy8WXgpNqDYK85MFZp5opNZlchSs=\""},{"Name":"Last-Modified","Value":"Sun, 22 Feb 2026 22:11:56 GMT"},{"Name":"Vary","Value":"Content-Encoding"}],"EndpointProperties":[{"Name":"fingerprint","Value":"ilno4kn7up"},{"Name":"integrity","Value":"sha256-RkOz2s/LVCAUAOEVy8WXgpNqDYK85MFZp5opNZlchSs="},{"Name":"label","Value":"attachments.html.br"}]},{"Route":"attachments.ilno4kn7up.html.gz","AssetFile":"attachments.html.gz","Selectors":[],"ResponseHeaders":[{"Name":"Accept-Ranges","Value":"bytes"},{"Name":"Cache-Control","Value":"max-age=31536000, immutable"},{"Name":"Content-Encoding","Value":"gzip"},{"Name":"Content-Length","Value":"2919"},{"Name":"Content-Type","Value":"text/html"},{"Name":"ETag","Value":"\"QElsXVyELEzaj9xk9lFQeiZChHVrIHxjVYQN62/EVpI=\""},{"Name":"Last-Modified","Value":"Sun, 22 Feb 2026 04:51:21 GMT"},{"Name":"Vary","Value":"Content-Encoding"}],"EndpointProperties":[{"Name":"fingerprint","Value":"ilno4kn7up"},{"Name":"integrity","Value":"sha256-QElsXVyELEzaj9xk9lFQeiZChHVrIHxjVYQN62/EVpI="},{"Name":"label","Value":"attachments.html.gz"}]},{"Route":"contact-secure.73l1nwiqgi.html","AssetFile":"contact-secure.html.gz","Selectors":[{"Name":"Content-Encoding","Value":"gzip","Quality":"0.000212134069"}],"ResponseHeaders":[{"Name":"Accept-Ranges","Value":"bytes"},{"Name":"Cache-Control","Value":"max-age=31536000, immutable"},{"Name":"Content-Encoding","Value":"gzip"},{"Name":"Content-Length","Value":"4713"},{"Name":"Content-Type","Value":"text/html"},{"Name":"ETag","Value":"\"ofyFFQWorexFLOvBnh16RquBRXglAZ4LAnBNHKLfFMk=\""},{"Name":"ETag","Value":"W/\"/UdTcYj85I7V+J0Q3ed52NW3kpBuv3Rqvg+RzRu1NHQ=\""},{"Name":"Last-Modified","Value":"Sun, 22 Feb 2026 21:45:45 GMT"},{"Name":"Vary","Value":"Content-Encoding"}],"EndpointProperties":[{"Name":"fingerprint","Value":"73l1nwiqgi"},{"Name":"integrity","Value":"sha256-/UdTcYj85I7V+J0Q3ed52NW3kpBuv3Rqvg+RzRu1NHQ="},{"Name":"label","Value":"contact-secure.html"}]},{"Route":"contact-secure.73l1nwiqgi.html","AssetFile":"contact-secure.html.br","Selectors":[{"Name":"Content-Encoding","Value":"br","Quality":"0.000254777070"}],"ResponseHeaders":[{"Name":"Accept-Ranges","Value":"bytes"},{"Name":"Cache-Control","Value":"max-age=31536000, immutable"},{"Name":"Content-Encoding","Value":"br"},{"Name":"Content-Length","Value":"3924"},{"Name":"Content-Type","Value":"text/html"},{"Name":"ETag","Value":"\"5RE/iDJ3rUeteRtYxd6YWPZFLluPDuYFRELCQZy6HIM=\""},{"Name":"ETag","Value":"W/\"/UdTcYj85I7V+J0Q3ed52NW3kpBuv3Rqvg+RzRu1NHQ=\""},{"Name":"Last-Modified","Value":"Sun, 22 Feb 2026 22:11:56 GMT"},{"Name":"Vary","Value":"Content-Encoding"}],"EndpointProperties":[{"Name":"fingerprint","Value":"73l1nwiqgi"},{"Name":"integrity","Value":"sha256-/UdTcYj85I7V+J0Q3ed52NW3kpBuv3Rqvg+RzRu1NHQ="},{"Name":"label","Value":"contact-secure.html"}]},{"Route":"contact-secure.73l1nwiqgi.html","AssetFile":"contact-secure.html","Selectors":[],"ResponseHeaders":[{"Name":"Accept-Ranges","Value":"bytes"},{"Name":"Cache-Control","Value":"max-age=31536000, immutable"},{"Name":"Content-Length","Value":"14241"},{"Name":"Content-Type","Value":"text/html"},{"Name":"ETag","Value":"\"/UdTcYj85I7V+J0Q3ed52NW3kpBuv3Rqvg+RzRu1NHQ=\""},{"Name":"Last-Modified","Value":"Sun, 22 Feb 2026 21:25:46 GMT"}],"EndpointProperties":[{"Name":"fingerprint","Value":"73l1nwiqgi"},{"Name":"integrity","Value":"sha256-/UdTcYj85I7V+J0Q3ed52NW3kpBuv3Rqvg+RzRu1NHQ="},{"Name":"label","Value":"contact-secure.html"}]},{"Route":"contact-secure.73l1nwiqgi.html.br","AssetFile":"contact-secure.html.br","Selectors":[],"ResponseHeaders":[{"Name":"Accept-Ranges","Value":"bytes"},{"Name":"Cache-Control","Value":"max-age=31536000, immutable"},{"Name":"Content-Encoding","Value":"br"},{"Name":"Content-Length","Value":"3924"},{"Name":"Content-Type","Value":"text/html"},{"Name":"ETag","Value":"\"5RE/iDJ3rUeteRtYxd6YWPZFLluPDuYFRELCQZy6HIM=\""},{"Name":"Last-Modified","Value":"Sun, 22 Feb 2026 22:11:56 GMT"},{"Name":"Vary","Value":"Content-Encoding"}],"EndpointProperties":[{"Name":"fingerprint","Value":"73l1nwiqgi"},{"Name":"integrity","Value":"sha256-5RE/iDJ3rUeteRtYxd6YWPZFLluPDuYFRELCQZy6HIM="},{"Name":"label","Value":"contact-secure.html.br"}]},{"Route":"contact-secure.73l1nwiqgi.html.gz","AssetFile":"contact-secure.html.gz","Selectors":[],"ResponseHeaders":[{"Name":"Accept-Ranges","Value":"bytes"},{"Name":"Cache-Control","Value":"max-age=31536000, immutable"},{"Name":"Content-Encoding","Value":"gzip"},{"Name":"Content-Length","Value":"4713"},{"Name":"Content-Type","Value":"text/html"},{"Name":"ETag","Value":"\"ofyFFQWorexFLOvBnh16RquBRXglAZ4LAnBNHKLfFMk=\""},{"Name":"Last-Modified","Value":"Sun, 22 Feb 2026 21:45:45 GMT"},{"Name":"Vary","Value":"Content-Encoding"}],"EndpointProperties":[{"Name":"fingerprint","Value":"73l1nwiqgi"},{"Name":"integrity","Value":"sha256-ofyFFQWorexFLOvBnh16RquBRXglAZ4LAnBNHKLfFMk="},{"Name":"label","Value":"contact-secure.html.gz"}]},{"Route":"contact-secure.html","AssetFile":"contact-secure.html.gz","Selectors":[{"Name":"Content-Encoding","Value":"gzip","Quality":"0.000212134069"}],"ResponseHeaders":[{"Name":"Accept-Ranges","Value":"bytes"},{"Name":"Cache-Control","Value":"no-cache"},{"Name":"Content-Encoding","Value":"gzip"},{"Name":"Content-Length","Value":"4713"},{"Name":"Content-Type","Value":"text/html"},{"Name":"ETag","Value":"\"ofyFFQWorexFLOvBnh16RquBRXglAZ4LAnBNHKLfFMk=\""},{"Name":"ETag","Value":"W/\"/UdTcYj85I7V+J0Q3ed52NW3kpBuv3Rqvg+RzRu1NHQ=\""},{"Name":"Last-Modified","Value":"Sun, 22 Feb 2026 21:45:45 GMT"},{"Name":"Vary","Value":"Content-Encoding"}],"EndpointProperties":[{"Name":"integrity","Value":"sha256-/UdTcYj85I7V+J0Q3ed52NW3kpBuv3Rqvg+RzRu1NHQ="}]},{"Route":"contact-secure.html","AssetFile":"contact-secure.html.br","Selectors":[{"Name":"Content-Encoding","Value":"br","Quality":"0.000254777070"}],"ResponseHeaders":[{"Name":"Accept-Ranges","Value":"bytes"},{"Name":"Cache-Control","Value":"no-cache"},{"Name":"Content-Encoding","Value":"br"},{"Name":"Content-Length","Value":"3924"},{"Name":"Content-Type","Value":"text/html"},{"Name":"ETag","Value":"\"5RE/iDJ3rUeteRtYxd6YWPZFLluPDuYFRELCQZy6HIM=\""},{"Name":"ETag","Value":"W/\"/UdTcYj85I7V+J0Q3ed52NW3kpBuv3Rqvg+RzRu1NHQ=\""},{"Name":"Last-Modified","Value":"Sun, 22 Feb 2026 22:11:56 GMT"},{"Name":"Vary","Value":"Content-Encoding"}],"EndpointProperties":[{"Name":"integrity","Value":"sha256-/UdTcYj85I7V+J0Q3ed52NW3kpBuv3Rqvg+RzRu1NHQ="}]},{"Route":"contact-secure.html","AssetFile":"contact-secure.html","Selectors":[],"ResponseHeaders":[{"Name":"Accept-Ranges","Value":"bytes"},{"Name":"Cache-Control","Value":"no-cache"},{"Name":"Content-Length","Value":"14241"},{"Name":"Content-Type","Value":"text/html"},{"Name":"ETag","Value":"\"/UdTcYj85I7V+J0Q3ed52NW3kpBuv3Rqvg+RzRu1NHQ=\""},{"Name":"Last-Modified","Value":"Sun, 22 Feb 2026 21:25:46 GMT"}],"EndpointProperties":[{"Name":"integrity","Value":"sha256-/UdTcYj85I7V+J0Q3ed52NW3kpBuv3Rqvg+RzRu1NHQ="}]},{"Route":"contact-secure.html.br","AssetFile":"contact-secure.html.br","Selectors":[],"ResponseHeaders":[{"Name":"Accept-Ranges","Value":"bytes"},{"Name":"Cache-Control","Value":"no-cache"},{"Name":"Content-Encoding","Value":"br"},{"Name":"Content-Length","Value":"3924"},{"Name":"Content-Type","Value":"text/html"},{"Name":"ETag","Value":"\"5RE/iDJ3rUeteRtYxd6YWPZFLluPDuYFRELCQZy6HIM=\""},{"Name":"Last-Modified","Value":"Sun, 22 Feb 2026 22:11:56 GMT"},{"Name":"Vary","Value":"Content-Encoding"}],"EndpointProperties":[{"Name":"integrity","Value":"sha256-5RE/iDJ3rUeteRtYxd6YWPZFLluPDuYFRELCQZy6HIM="}]},{"Route":"contact-secure.html.gz","AssetFile":"contact-secure.html.gz","Selectors":[],"ResponseHeaders":[{"Name":"Accept-Ranges","Value":"bytes"},{"Name":"Cache-Control","Value":"no-cache"},{"Name":"Content-Encoding","Value":"gzip"},{"Name":"Content-Length","Value":"4713"},{"Name":"Content-Type","Value":"text/html"},{"Name":"ETag","Value":"\"ofyFFQWorexFLOvBnh16RquBRXglAZ4LAnBNHKLfFMk=\""},{"Name":"Last-Modified","Value":"Sun, 22 Feb 2026 21:45:45 GMT"},{"Name":"Vary","Value":"Content-Encoding"}],"EndpointProperties":[{"Name":"integrity","Value":"sha256-ofyFFQWorexFLOvBnh16RquBRXglAZ4LAnBNHKLfFMk="}]},{"Route":"contact.html","AssetFile":"contact.html.br","Selectors":[{"Name":"Content-Encoding","Value":"br","Quality":"0.000412031314"}],"ResponseHeaders":[{"Name":"Accept-Ranges","Value":"bytes"},{"Name":"Cache-Control","Value":"no-cache"},{"Name":"Content-Encoding","Value":"br"},{"Name":"Content-Length","Value":"2426"},{"Name":"Content-Type","Value":"text/html"},{"Name":"ETag","Value":"\"EbewODlAWNkX7NqMLtUUTeiRgG2kiUPdZ3B66EhIDdY=\""},{"Name":"ETag","Value":"W/\"N904A5CLSOMqosaCJYRcIXgJ/yCRDUVi3rU7NR8K/YA=\""},{"Name":"Last-Modified","Value":"Sun, 22 Feb 2026 22:11:56 GMT"},{"Name":"Vary","Value":"Content-Encoding"}],"EndpointProperties":[{"Name":"integrity","Value":"sha256-N904A5CLSOMqosaCJYRcIXgJ/yCRDUVi3rU7NR8K/YA="}]},{"Route":"contact.html","AssetFile":"contact.html.gz","Selectors":[{"Name":"Content-Encoding","Value":"gzip","Quality":"0.000336927224"}],"ResponseHeaders":[{"Name":"Accept-Ranges","Value":"bytes"},{"Name":"Cache-Control","Value":"no-cache"},{"Name":"Content-Encoding","Value":"gzip"},{"Name":"Content-Length","Value":"2967"},{"Name":"Content-Type","Value":"text/html"},{"Name":"ETag","Value":"\"dydOZi4KaKK1rViEaSb3n3h3llvyorVa+WUjjEI9Tg4=\""},{"Name":"ETag","Value":"W/\"N904A5CLSOMqosaCJYRcIXgJ/yCRDUVi3rU7NR8K/YA=\""},{"Name":"Last-Modified","Value":"Sun, 22 Feb 2026 04:51:21 GMT"},{"Name":"Vary","Value":"Content-Encoding"}],"EndpointProperties":[{"Name":"integrity","Value":"sha256-N904A5CLSOMqosaCJYRcIXgJ/yCRDUVi3rU7NR8K/YA="}]},{"Route":"contact.html","AssetFile":"contact.html","Selectors":[],"ResponseHeaders":[{"Name":"Accept-Ranges","Value":"bytes"},{"Name":"Cache-Control","Value":"no-cache"},{"Name":"Content-Length","Value":"8959"},{"Name":"Content-Type","Value":"text/html"},{"Name":"ETag","Value":"\"N904A5CLSOMqosaCJYRcIXgJ/yCRDUVi3rU7NR8K/YA=\""},{"Name":"Last-Modified","Value":"Sun, 22 Feb 2026 03:40:54 GMT"}],"EndpointProperties":[{"Name":"integrity","Value":"sha256-N904A5CLSOMqosaCJYRcIXgJ/yCRDUVi3rU7NR8K/YA="}]},{"Route":"contact.html.br","AssetFile":"contact.html.br","Selectors":[],"ResponseHeaders":[{"Name":"Accept-Ranges","Value":"bytes"},{"Name":"Cache-Control","Value":"no-cache"},{"Name":"Content-Encoding","Value":"br"},{"Name":"Content-Length","Value":"2426"},{"Name":"Content-Type","Value":"text/html"},{"Name":"ETag","Value":"\"EbewODlAWNkX7NqMLtUUTeiRgG2kiUPdZ3B66EhIDdY=\""},{"Name":"Last-Modified","Value":"Sun, 22 Feb 2026 22:11:56 GMT"},{"Name":"Vary","Value":"Content-Encoding"}],"EndpointProperties":[{"Name":"integrity","Value":"sha256-EbewODlAWNkX7NqMLtUUTeiRgG2kiUPdZ3B66EhIDdY="}]},{"Route":"contact.html.gz","AssetFile":"contact.html.gz","Selectors":[],"ResponseHeaders":[{"Name":"Accept-Ranges","Value":"bytes"},{"Name":"Cache-Control","Value":"no-cache"},{"Name":"Content-Encoding","Value":"gzip"},{"Name":"Content-Length","Value":"2967"},{"Name":"Content-Type","Value":"text/html"},{"Name":"ETag","Value":"\"dydOZi4KaKK1rViEaSb3n3h3llvyorVa+WUjjEI9Tg4=\""},{"Name":"Last-Modified","Value":"Sun, 22 Feb 2026 04:51:21 GMT"},{"Name":"Vary","Value":"Content-Encoding"}],"EndpointProperties":[{"Name":"integrity","Value":"sha256-dydOZi4KaKK1rViEaSb3n3h3llvyorVa+WUjjEI9Tg4="}]},{"Route":"contact.z5ue9xk5ks.html","AssetFile":"contact.html.br","Selectors":[{"Name":"Content-Encoding","Value":"br","Quality":"0.000412031314"}],"ResponseHeaders":[{"Name":"Accept-Ranges","Value":"bytes"},{"Name":"Cache-Control","Value":"max-age=31536000, immutable"},{"Name":"Content-Encoding","Value":"br"},{"Name":"Content-Length","Value":"2426"},{"Name":"Content-Type","Value":"text/html"},{"Name":"ETag","Value":"\"EbewODlAWNkX7NqMLtUUTeiRgG2kiUPdZ3B66EhIDdY=\""},{"Name":"ETag","Value":"W/\"N904A5CLSOMqosaCJYRcIXgJ/yCRDUVi3rU7NR8K/YA=\""},{"Name":"Last-Modified","Value":"Sun, 22 Feb 2026 22:11:56 GMT"},{"Name":"Vary","Value":"Content-Encoding"}],"EndpointProperties":[{"Name":"fingerprint","Value":"z5ue9xk5ks"},{"Name":"integrity","Value":"sha256-N904A5CLSOMqosaCJYRcIXgJ/yCRDUVi3rU7NR8K/YA="},{"Name":"label","Value":"contact.html"}]},{"Route":"contact.z5ue9xk5ks.html","AssetFile":"contact.html.gz","Selectors":[{"Name":"Content-Encoding","Value":"gzip","Quality":"0.000336927224"}],"ResponseHeaders":[{"Name":"Accept-Ranges","Value":"bytes"},{"Name":"Cache-Control","Value":"max-age=31536000, immutable"},{"Name":"Content-Encoding","Value":"gzip"},{"Name":"Content-Length","Value":"2967"},{"Name":"Content-Type","Value":"text/html"},{"Name":"ETag","Value":"\"dydOZi4KaKK1rViEaSb3n3h3llvyorVa+WUjjEI9Tg4=\""},{"Name":"ETag","Value":"W/\"N904A5CLSOMqosaCJYRcIXgJ/yCRDUVi3rU7NR8K/YA=\""},{"Name":"Last-Modified","Value":"Sun, 22 Feb 2026 04:51:21 GMT"},{"Name":"Vary","Value":"Content-Encoding"}],"EndpointProperties":[{"Name":"fingerprint","Value":"z5ue9xk5ks"},{"Name":"integrity","Value":"sha256-N904A5CLSOMqosaCJYRcIXgJ/yCRDUVi3rU7NR8K/YA="},{"Name":"label","Value":"contact.html"}]},{"Route":"contact.z5ue9xk5ks.html","AssetFile":"contact.html","Selectors":[],"ResponseHeaders":[{"Name":"Accept-Ranges","Value":"bytes"},{"Name":"Cache-Control","Value":"max-age=31536000, immutable"},{"Name":"Content-Length","Value":"8959"},{"Name":"Content-Type","Value":"text/html"},{"Name":"ETag","Value":"\"N904A5CLSOMqosaCJYRcIXgJ/yCRDUVi3rU7NR8K/YA=\""},{"Name":"Last-Modified","Value":"Sun, 22 Feb 2026 03:40:54 GMT"}],"EndpointProperties":[{"Name":"fingerprint","Value":"z5ue9xk5ks"},{"Name":"integrity","Value":"sha256-N904A5CLSOMqosaCJYRcIXgJ/yCRDUVi3rU7NR8K/YA="},{"Name":"label","Value":"contact.html"}]},{"Route":"contact.z5ue9xk5ks.html.br","AssetFile":"contact.html.br","Selectors":[],"ResponseHeaders":[{"Name":"Accept-Ranges","Value":"bytes"},{"Name":"Cache-Control","Value":"max-age=31536000, immutable"},{"Name":"Content-Encoding","Value":"br"},{"Name":"Content-Length","Value":"2426"},{"Name":"Content-Type","Value":"text/html"},{"Name":"ETag","Value":"\"EbewODlAWNkX7NqMLtUUTeiRgG2kiUPdZ3B66EhIDdY=\""},{"Name":"Last-Modified","Value":"Sun, 22 Feb 2026 22:11:56 GMT"},{"Name":"Vary","Value":"Content-Encoding"}],"EndpointProperties":[{"Name":"fingerprint","Value":"z5ue9xk5ks"},{"Name":"integrity","Value":"sha256-EbewODlAWNkX7NqMLtUUTeiRgG2kiUPdZ3B66EhIDdY="},{"Name":"label","Value":"contact.html.br"}]},{"Route":"contact.z5ue9xk5ks.html.gz","AssetFile":"contact.html.gz","Selectors":[],"ResponseHeaders":[{"Name":"Accept-Ranges","Value":"bytes"},{"Name":"Cache-Control","Value":"max-age=31536000, immutable"},{"Name":"Content-Encoding","Value":"gzip"},{"Name":"Content-Length","Value":"2967"},{"Name":"Content-Type","Value":"text/html"},{"Name":"ETag","Value":"\"dydOZi4KaKK1rViEaSb3n3h3llvyorVa+WUjjEI9Tg4=\""},{"Name":"Last-Modified","Value":"Sun, 22 Feb 2026 04:51:21 GMT"},{"Name":"Vary","Value":"Content-Encoding"}],"EndpointProperties":[{"Name":"fingerprint","Value":"z5ue9xk5ks"},{"Name":"integrity","Value":"sha256-dydOZi4KaKK1rViEaSb3n3h3llvyorVa+WUjjEI9Tg4="},{"Name":"label","Value":"contact.html.gz"}]},{"Route":"dashboard.4b6p85tw6j.html","AssetFile":"dashboard.html.gz","Selectors":[{"Name":"Content-Encoding","Value":"gzip","Quality":"0.000760456274"}],"ResponseHeaders":[{"Name":"Accept-Ranges","Value":"bytes"},{"Name":"Cache-Control","Value":"max-age=31536000, immutable"},{"Name":"Content-Encoding","Value":"gzip"},{"Name":"Content-Length","Value":"1314"},{"Name":"Content-Type","Value":"text/html"},{"Name":"ETag","Value":"\"tE2WYWJG1iZH/aIF03JPRpVEbJzpb0D7qaq0/c4zy5s=\""},{"Name":"ETag","Value":"W/\"0Ac9CBWsebmK5Kmrbz0fbevMAdvo9YU/86ibkzEEMko=\""},{"Name":"Last-Modified","Value":"Sun, 22 Feb 2026 21:45:45 GMT"},{"Name":"Vary","Value":"Content-Encoding"}],"EndpointProperties":[{"Name":"fingerprint","Value":"4b6p85tw6j"},{"Name":"integrity","Value":"sha256-0Ac9CBWsebmK5Kmrbz0fbevMAdvo9YU/86ibkzEEMko="},{"Name":"label","Value":"dashboard.html"}]},{"Route":"dashboard.4b6p85tw6j.html","AssetFile":"dashboard.html.br","Selectors":[{"Name":"Content-Encoding","Value":"br","Quality":"0.000948766603"}],"ResponseHeaders":[{"Name":"Accept-Ranges","Value":"bytes"},{"Name":"Cache-Control","Value":"max-age=31536000, immutable"},{"Name":"Content-Encoding","Value":"br"},{"Name":"Content-Length","Value":"1053"},{"Name":"Content-Type","Value":"text/html"},{"Name":"ETag","Value":"\"17oHh2CkBBzbCHFISJPFapf8A1Be1b7e4Q7F6q1wyrY=\""},{"Name":"ETag","Value":"W/\"0Ac9CBWsebmK5Kmrbz0fbevMAdvo9YU/86ibkzEEMko=\""},{"Name":"Last-Modified","Value":"Sun, 22 Feb 2026 22:11:56 GMT"},{"Name":"Vary","Value":"Content-Encoding"}],"EndpointProperties":[{"Name":"fingerprint","Value":"4b6p85tw6j"},{"Name":"integrity","Value":"sha256-0Ac9CBWsebmK5Kmrbz0fbevMAdvo9YU/86ibkzEEMko="},{"Name":"label","Value":"dashboard.html"}]},{"Route":"dashboard.4b6p85tw6j.html","AssetFile":"dashboard.html","Selectors":[],"ResponseHeaders":[{"Name":"Accept-Ranges","Value":"bytes"},{"Name":"Cache-Control","Value":"max-age=31536000, immutable"},{"Name":"Content-Length","Value":"3767"},{"Name":"Content-Type","Value":"text/html"},{"Name":"ETag","Value":"\"0Ac9CBWsebmK5Kmrbz0fbevMAdvo9YU/86ibkzEEMko=\""},{"Name":"Last-Modified","Value":"Sun, 22 Feb 2026 21:44:29 GMT"}],"EndpointProperties":[{"Name":"fingerprint","Value":"4b6p85tw6j"},{"Name":"integrity","Value":"sha256-0Ac9CBWsebmK5Kmrbz0fbevMAdvo9YU/86ibkzEEMko="},{"Name":"label","Value":"dashboard.html"}]},{"Route":"dashboard.4b6p85tw6j.html.br","AssetFile":"dashboard.html.br","Selectors":[],"ResponseHeaders":[{"Name":"Accept-Ranges","Value":"bytes"},{"Name":"Cache-Control","Value":"max-age=31536000, immutable"},{"Name":"Content-Encoding","Value":"br"},{"Name":"Content-Length","Value":"1053"},{"Name":"Content-Type","Value":"text/html"},{"Name":"ETag","Value":"\"17oHh2CkBBzbCHFISJPFapf8A1Be1b7e4Q7F6q1wyrY=\""},{"Name":"Last-Modified","Value":"Sun, 22 Feb 2026 22:11:56 GMT"},{"Name":"Vary","Value":"Content-Encoding"}],"EndpointProperties":[{"Name":"fingerprint","Value":"4b6p85tw6j"},{"Name":"integrity","Value":"sha256-17oHh2CkBBzbCHFISJPFapf8A1Be1b7e4Q7F6q1wyrY="},{"Name":"label","Value":"dashboard.html.br"}]},{"Route":"dashboard.4b6p85tw6j.html.gz","AssetFile":"dashboard.html.gz","Selectors":[],"ResponseHeaders":[{"Name":"Accept-Ranges","Value":"bytes"},{"Name":"Cache-Control","Value":"max-age=31536000, immutable"},{"Name":"Content-Encoding","Value":"gzip"},{"Name":"Content-Length","Value":"1314"},{"Name":"Content-Type","Value":"text/html"},{"Name":"ETag","Value":"\"tE2WYWJG1iZH/aIF03JPRpVEbJzpb0D7qaq0/c4zy5s=\""},{"Name":"Last-Modified","Value":"Sun, 22 Feb 2026 21:45:45 GMT"},{"Name":"Vary","Value":"Content-Encoding"}],"EndpointProperties":[{"Name":"fingerprint","Value":"4b6p85tw6j"},{"Name":"integrity","Value":"sha256-tE2WYWJG1iZH/aIF03JPRpVEbJzpb0D7qaq0/c4zy5s="},{"Name":"label","Value":"dashboard.html.gz"}]},{"Route":"dashboard.html","AssetFile":"dashboard.html.gz","Selectors":[{"Name":"Content-Encoding","Value":"gzip","Quality":"0.000760456274"}],"ResponseHeaders":[{"Name":"Accept-Ranges","Value":"bytes"},{"Name":"Cache-Control","Value":"no-cache"},{"Name":"Content-Encoding","Value":"gzip"},{"Name":"Content-Length","Value":"1314"},{"Name":"Content-Type","Value":"text/html"},{"Name":"ETag","Value":"\"tE2WYWJG1iZH/aIF03JPRpVEbJzpb0D7qaq0/c4zy5s=\""},{"Name":"ETag","Value":"W/\"0Ac9CBWsebmK5Kmrbz0fbevMAdvo9YU/86ibkzEEMko=\""},{"Name":"Last-Modified","Value":"Sun, 22 Feb 2026 21:45:45 GMT"},{"Name":"Vary","Value":"Content-Encoding"}],"EndpointProperties":[{"Name":"integrity","Value":"sha256-0Ac9CBWsebmK5Kmrbz0fbevMAdvo9YU/86ibkzEEMko="}]},{"Route":"dashboard.html","AssetFile":"dashboard.html.br","Selectors":[{"Name":"Content-Encoding","Value":"br","Quality":"0.000948766603"}],"ResponseHeaders":[{"Name":"Accept-Ranges","Value":"bytes"},{"Name":"Cache-Control","Value":"no-cache"},{"Name":"Content-Encoding","Value":"br"},{"Name":"Content-Length","Value":"1053"},{"Name":"Content-Type","Value":"text/html"},{"Name":"ETag","Value":"\"17oHh2CkBBzbCHFISJPFapf8A1Be1b7e4Q7F6q1wyrY=\""},{"Name":"ETag","Value":"W/\"0Ac9CBWsebmK5Kmrbz0fbevMAdvo9YU/86ibkzEEMko=\""},{"Name":"Last-Modified","Value":"Sun, 22 Feb 2026 22:11:56 GMT"},{"Name":"Vary","Value":"Content-Encoding"}],"EndpointProperties":[{"Name":"integrity","Value":"sha256-0Ac9CBWsebmK5Kmrbz0fbevMAdvo9YU/86ibkzEEMko="}]},{"Route":"dashboard.html","AssetFile":"dashboard.html","Selectors":[],"ResponseHeaders":[{"Name":"Accept-Ranges","Value":"bytes"},{"Name":"Cache-Control","Value":"no-cache"},{"Name":"Content-Length","Value":"3767"},{"Name":"Content-Type","Value":"text/html"},{"Name":"ETag","Value":"\"0Ac9CBWsebmK5Kmrbz0fbevMAdvo9YU/86ibkzEEMko=\""},{"Name":"Last-Modified","Value":"Sun, 22 Feb 2026 21:44:29 GMT"}],"EndpointProperties":[{"Name":"integrity","Value":"sha256-0Ac9CBWsebmK5Kmrbz0fbevMAdvo9YU/86ibkzEEMko="}]},{"Route":"dashboard.html.br","AssetFile":"dashboard.html.br","Selectors":[],"ResponseHeaders":[{"Name":"Accept-Ranges","Value":"bytes"},{"Name":"Cache-Control","Value":"no-cache"},{"Name":"Content-Encoding","Value":"br"},{"Name":"Content-Length","Value":"1053"},{"Name":"Content-Type","Value":"text/html"},{"Name":"ETag","Value":"\"17oHh2CkBBzbCHFISJPFapf8A1Be1b7e4Q7F6q1wyrY=\""},{"Name":"Last-Modified","Value":"Sun, 22 Feb 2026 22:11:56 GMT"},{"Name":"Vary","Value":"Content-Encoding"}],"EndpointProperties":[{"Name":"integrity","Value":"sha256-17oHh2CkBBzbCHFISJPFapf8A1Be1b7e4Q7F6q1wyrY="}]},{"Route":"dashboard.html.gz","AssetFile":"dashboard.html.gz","Selectors":[],"ResponseHeaders":[{"Name":"Accept-Ranges","Value":"bytes"},{"Name":"Cache-Control","Value":"no-cache"},{"Name":"Content-Encoding","Value":"gzip"},{"Name":"Content-Length","Value":"1314"},{"Name":"Content-Type","Value":"text/html"},{"Name":"ETag","Value":"\"tE2WYWJG1iZH/aIF03JPRpVEbJzpb0D7qaq0/c4zy5s=\""},{"Name":"Last-Modified","Value":"Sun, 22 Feb 2026 21:45:45 GMT"},{"Name":"Vary","Value":"Content-Encoding"}],"EndpointProperties":[{"Name":"integrity","Value":"sha256-tE2WYWJG1iZH/aIF03JPRpVEbJzpb0D7qaq0/c4zy5s="}]},{"Route":"demo-secure.5ceczeeceq.html","AssetFile":"demo-secure.html.gz","Selectors":[{"Name":"Content-Encoding","Value":"gzip","Quality":"0.000185013876"}],"ResponseHeaders":[{"Name":"Accept-Ranges","Value":"bytes"},{"Name":"Cache-Control","Value":"max-age=31536000, immutable"},{"Name":"Content-Encoding","Value":"gzip"},{"Name":"Content-Length","Value":"5404"},{"Name":"Content-Type","Value":"text/html"},{"Name":"ETag","Value":"\"VZc4nceNmANSx5wrTAPWop+11Adnh0/ijc3ujILmLlA=\""},{"Name":"ETag","Value":"W/\"la6ysSHXlT8Ex9H2gbeHsBTicPgxcdFHHfX12TBUFmI=\""},{"Name":"Last-Modified","Value":"Sun, 22 Feb 2026 21:45:45 GMT"},{"Name":"Vary","Value":"Content-Encoding"}],"EndpointProperties":[{"Name":"fingerprint","Value":"5ceczeeceq"},{"Name":"integrity","Value":"sha256-la6ysSHXlT8Ex9H2gbeHsBTicPgxcdFHHfX12TBUFmI="},{"Name":"label","Value":"demo-secure.html"}]},{"Route":"demo-secure.5ceczeeceq.html","AssetFile":"demo-secure.html.br","Selectors":[{"Name":"Content-Encoding","Value":"br","Quality":"0.000218197687"}],"ResponseHeaders":[{"Name":"Accept-Ranges","Value":"bytes"},{"Name":"Cache-Control","Value":"max-age=31536000, immutable"},{"Name":"Content-Encoding","Value":"br"},{"Name":"Content-Length","Value":"4582"},{"Name":"Content-Type","Value":"text/html"},{"Name":"ETag","Value":"\"BAypJy1S8Sxna3TGq+fkfiOiVkbEeuBFy7uLg0KtdSg=\""},{"Name":"ETag","Value":"W/\"la6ysSHXlT8Ex9H2gbeHsBTicPgxcdFHHfX12TBUFmI=\""},{"Name":"Last-Modified","Value":"Sun, 22 Feb 2026 22:11:56 GMT"},{"Name":"Vary","Value":"Content-Encoding"}],"EndpointProperties":[{"Name":"fingerprint","Value":"5ceczeeceq"},{"Name":"integrity","Value":"sha256-la6ysSHXlT8Ex9H2gbeHsBTicPgxcdFHHfX12TBUFmI="},{"Name":"label","Value":"demo-secure.html"}]},{"Route":"demo-secure.5ceczeeceq.html","AssetFile":"demo-secure.html","Selectors":[],"ResponseHeaders":[{"Name":"Accept-Ranges","Value":"bytes"},{"Name":"Cache-Control","Value":"max-age=31536000, immutable"},{"Name":"Content-Length","Value":"21673"},{"Name":"Content-Type","Value":"text/html"},{"Name":"ETag","Value":"\"la6ysSHXlT8Ex9H2gbeHsBTicPgxcdFHHfX12TBUFmI=\""},{"Name":"Last-Modified","Value":"Sun, 22 Feb 2026 21:24:59 GMT"}],"EndpointProperties":[{"Name":"fingerprint","Value":"5ceczeeceq"},{"Name":"integrity","Value":"sha256-la6ysSHXlT8Ex9H2gbeHsBTicPgxcdFHHfX12TBUFmI="},{"Name":"label","Value":"demo-secure.html"}]},{"Route":"demo-secure.5ceczeeceq.html.br","AssetFile":"demo-secure.html.br","Selectors":[],"ResponseHeaders":[{"Name":"Accept-Ranges","Value":"bytes"},{"Name":"Cache-Control","Value":"max-age=31536000, immutable"},{"Name":"Content-Encoding","Value":"br"},{"Name":"Content-Length","Value":"4582"},{"Name":"Content-Type","Value":"text/html"},{"Name":"ETag","Value":"\"BAypJy1S8Sxna3TGq+fkfiOiVkbEeuBFy7uLg0KtdSg=\""},{"Name":"Last-Modified","Value":"Sun, 22 Feb 2026 22:11:56 GMT"},{"Name":"Vary","Value":"Content-Encoding"}],"EndpointProperties":[{"Name":"fingerprint","Value":"5ceczeeceq"},{"Name":"integrity","Value":"sha256-BAypJy1S8Sxna3TGq+fkfiOiVkbEeuBFy7uLg0KtdSg="},{"Name":"label","Value":"demo-secure.html.br"}]},{"Route":"demo-secure.5ceczeeceq.html.gz","AssetFile":"demo-secure.html.gz","Selectors":[],"ResponseHeaders":[{"Name":"Accept-Ranges","Value":"bytes"},{"Name":"Cache-Control","Value":"max-age=31536000, immutable"},{"Name":"Content-Encoding","Value":"gzip"},{"Name":"Content-Length","Value":"5404"},{"Name":"Content-Type","Value":"text/html"},{"Name":"ETag","Value":"\"VZc4nceNmANSx5wrTAPWop+11Adnh0/ijc3ujILmLlA=\""},{"Name":"Last-Modified","Value":"Sun, 22 Feb 2026 21:45:45 GMT"},{"Name":"Vary","Value":"Content-Encoding"}],"EndpointProperties":[{"Name":"fingerprint","Value":"5ceczeeceq"},{"Name":"integrity","Value":"sha256-VZc4nceNmANSx5wrTAPWop+11Adnh0/ijc3ujILmLlA="},{"Name":"label","Value":"demo-secure.html.gz"}]},{"Route":"demo-secure.html","AssetFile":"demo-secure.html.gz","Selectors":[{"Name":"Content-Encoding","Value":"gzip","Quality":"0.000185013876"}],"ResponseHeaders":[{"Name":"Accept-Ranges","Value":"bytes"},{"Name":"Cache-Control","Value":"no-cache"},{"Name":"Content-Encoding","Value":"gzip"},{"Name":"Content-Length","Value":"5404"},{"Name":"Content-Type","Value":"text/html"},{"Name":"ETag","Value":"\"VZc4nceNmANSx5wrTAPWop+11Adnh0/ijc3ujILmLlA=\""},{"Name":"ETag","Value":"W/\"la6ysSHXlT8Ex9H2gbeHsBTicPgxcdFHHfX12TBUFmI=\""},{"Name":"Last-Modified","Value":"Sun, 22 Feb 2026 21:45:45 GMT"},{"Name":"Vary","Value":"Content-Encoding"}],"EndpointProperties":[{"Name":"integrity","Value":"sha256-la6ysSHXlT8Ex9H2gbeHsBTicPgxcdFHHfX12TBUFmI="}]},{"Route":"demo-secure.html","AssetFile":"demo-secure.html.br","Selectors":[{"Name":"Content-Encoding","Value":"br","Quality":"0.000218197687"}],"ResponseHeaders":[{"Name":"Accept-Ranges","Value":"bytes"},{"Name":"Cache-Control","Value":"no-cache"},{"Name":"Content-Encoding","Value":"br"},{"Name":"Content-Length","Value":"4582"},{"Name":"Content-Type","Value":"text/html"},{"Name":"ETag","Value":"\"BAypJy1S8Sxna3TGq+fkfiOiVkbEeuBFy7uLg0KtdSg=\""},{"Name":"ETag","Value":"W/\"la6ysSHXlT8Ex9H2gbeHsBTicPgxcdFHHfX12TBUFmI=\""},{"Name":"Last-Modified","Value":"Sun, 22 Feb 2026 22:11:56 GMT"},{"Name":"Vary","Value":"Content-Encoding"}],"EndpointProperties":[{"Name":"integrity","Value":"sha256-la6ysSHXlT8Ex9H2gbeHsBTicPgxcdFHHfX12TBUFmI="}]},{"Route":"demo-secure.html","AssetFile":"demo-secure.html","Selectors":[],"ResponseHeaders":[{"Name":"Accept-Ranges","Value":"bytes"},{"Name":"Cache-Control","Value":"no-cache"},{"Name":"Content-Length","Value":"21673"},{"Name":"Content-Type","Value":"text/html"},{"Name":"ETag","Value":"\"la6ysSHXlT8Ex9H2gbeHsBTicPgxcdFHHfX12TBUFmI=\""},{"Name":"Last-Modified","Value":"Sun, 22 Feb 2026 21:24:59 GMT"}],"EndpointProperties":[{"Name":"integrity","Value":"sha256-la6ysSHXlT8Ex9H2gbeHsBTicPgxcdFHHfX12TBUFmI="}]},{"Route":"demo-secure.html.br","AssetFile":"demo-secure.html.br","Selectors":[],"ResponseHeaders":[{"Name":"Accept-Ranges","Value":"bytes"},{"Name":"Cache-Control","Value":"no-cache"},{"Name":"Content-Encoding","Value":"br"},{"Name":"Content-Length","Value":"4582"},{"Name":"Content-Type","Value":"text/html"},{"Name":"ETag","Value":"\"BAypJy1S8Sxna3TGq+fkfiOiVkbEeuBFy7uLg0KtdSg=\""},{"Name":"Last-Modified","Value":"Sun, 22 Feb 2026 22:11:56 GMT"},{"Name":"Vary","Value":"Content-Encoding"}],"EndpointProperties":[{"Name":"integrity","Value":"sha256-BAypJy1S8Sxna3TGq+fkfiOiVkbEeuBFy7uLg0KtdSg="}]},{"Route":"demo-secure.html.gz","AssetFile":"demo-secure.html.gz","Selectors":[],"ResponseHeaders":[{"Name":"Accept-Ranges","Value":"bytes"},{"Name":"Cache-Control","Value":"no-cache"},{"Name":"Content-Encoding","Value":"gzip"},{"Name":"Content-Length","Value":"5404"},{"Name":"Content-Type","Value":"text/html"},{"Name":"ETag","Value":"\"VZc4nceNmANSx5wrTAPWop+11Adnh0/ijc3ujILmLlA=\""},{"Name":"Last-Modified","Value":"Sun, 22 Feb 2026 21:45:45 GMT"},{"Name":"Vary","Value":"Content-Encoding"}],"EndpointProperties":[{"Name":"integrity","Value":"sha256-VZc4nceNmANSx5wrTAPWop+11Adnh0/ijc3ujILmLlA="}]},{"Route":"demo.657pbyayha.html","AssetFile":"demo.html.br","Selectors":[{"Name":"Content-Encoding","Value":"br","Quality":"0.000050753692"}],"ResponseHeaders":[{"Name":"Accept-Ranges","Value":"bytes"},{"Name":"Cache-Control","Value":"max-age=31536000, immutable"},{"Name":"Content-Encoding","Value":"br"},{"Name":"Content-Length","Value":"19702"},{"Name":"Content-Type","Value":"text/html"},{"Name":"ETag","Value":"\"FfY9FNO1zjAO/Ai9DATwBFxVN8CLK3BMXmyUO1jYwFs=\""},{"Name":"ETag","Value":"W/\"asPpCC+b7eon6CKqt9y2oP4S5XqjPIBqFP/3N5rGaH0=\""},{"Name":"Last-Modified","Value":"Sun, 22 Feb 2026 22:11:56 GMT"},{"Name":"Vary","Value":"Content-Encoding"}],"EndpointProperties":[{"Name":"fingerprint","Value":"657pbyayha"},{"Name":"integrity","Value":"sha256-asPpCC+b7eon6CKqt9y2oP4S5XqjPIBqFP/3N5rGaH0="},{"Name":"label","Value":"demo.html"}]},{"Route":"demo.657pbyayha.html","AssetFile":"demo.html.gz","Selectors":[{"Name":"Content-Encoding","Value":"gzip","Quality":"0.000042030935"}],"ResponseHeaders":[{"Name":"Accept-Ranges","Value":"bytes"},{"Name":"Cache-Control","Value":"max-age=31536000, immutable"},{"Name":"Content-Encoding","Value":"gzip"},{"Name":"Content-Length","Value":"23791"},{"Name":"Content-Type","Value":"text/html"},{"Name":"ETag","Value":"\"ozu3SNkuQNDDiRoxWKDiCIcKPiNyeMrTy/NFJD8acvA=\""},{"Name":"ETag","Value":"W/\"asPpCC+b7eon6CKqt9y2oP4S5XqjPIBqFP/3N5rGaH0=\""},{"Name":"Last-Modified","Value":"Sun, 22 Feb 2026 22:11:54 GMT"},{"Name":"Vary","Value":"Content-Encoding"}],"EndpointProperties":[{"Name":"fingerprint","Value":"657pbyayha"},{"Name":"integrity","Value":"sha256-asPpCC+b7eon6CKqt9y2oP4S5XqjPIBqFP/3N5rGaH0="},{"Name":"label","Value":"demo.html"}]},{"Route":"demo.657pbyayha.html","AssetFile":"demo.html","Selectors":[],"ResponseHeaders":[{"Name":"Accept-Ranges","Value":"bytes"},{"Name":"Cache-Control","Value":"max-age=31536000, immutable"},{"Name":"Content-Length","Value":"128652"},{"Name":"Content-Type","Value":"text/html"},{"Name":"ETag","Value":"\"asPpCC+b7eon6CKqt9y2oP4S5XqjPIBqFP/3N5rGaH0=\""},{"Name":"Last-Modified","Value":"Sun, 22 Feb 2026 22:01:54 GMT"}],"EndpointProperties":[{"Name":"fingerprint","Value":"657pbyayha"},{"Name":"integrity","Value":"sha256-asPpCC+b7eon6CKqt9y2oP4S5XqjPIBqFP/3N5rGaH0="},{"Name":"label","Value":"demo.html"}]},{"Route":"demo.657pbyayha.html.br","AssetFile":"demo.html.br","Selectors":[],"ResponseHeaders":[{"Name":"Accept-Ranges","Value":"bytes"},{"Name":"Cache-Control","Value":"max-age=31536000, immutable"},{"Name":"Content-Encoding","Value":"br"},{"Name":"Content-Length","Value":"19702"},{"Name":"Content-Type","Value":"text/html"},{"Name":"ETag","Value":"\"FfY9FNO1zjAO/Ai9DATwBFxVN8CLK3BMXmyUO1jYwFs=\""},{"Name":"Last-Modified","Value":"Sun, 22 Feb 2026 22:11:56 GMT"},{"Name":"Vary","Value":"Content-Encoding"}],"EndpointProperties":[{"Name":"fingerprint","Value":"657pbyayha"},{"Name":"integrity","Value":"sha256-FfY9FNO1zjAO/Ai9DATwBFxVN8CLK3BMXmyUO1jYwFs="},{"Name":"label","Value":"demo.html.br"}]},{"Route":"demo.657pbyayha.html.gz","AssetFile":"demo.html.gz","Selectors":[],"ResponseHeaders":[{"Name":"Accept-Ranges","Value":"bytes"},{"Name":"Cache-Control","Value":"max-age=31536000, immutable"},{"Name":"Content-Encoding","Value":"gzip"},{"Name":"Content-Length","Value":"23791"},{"Name":"Content-Type","Value":"text/html"},{"Name":"ETag","Value":"\"ozu3SNkuQNDDiRoxWKDiCIcKPiNyeMrTy/NFJD8acvA=\""},{"Name":"Last-Modified","Value":"Sun, 22 Feb 2026 22:11:54 GMT"},{"Name":"Vary","Value":"Content-Encoding"}],"EndpointProperties":[{"Name":"fingerprint","Value":"657pbyayha"},{"Name":"integrity","Value":"sha256-ozu3SNkuQNDDiRoxWKDiCIcKPiNyeMrTy/NFJD8acvA="},{"Name":"label","Value":"demo.html.gz"}]},{"Route":"demo.html","AssetFile":"demo.html.br","Selectors":[{"Name":"Content-Encoding","Value":"br","Quality":"0.000050753692"}],"ResponseHeaders":[{"Name":"Accept-Ranges","Value":"bytes"},{"Name":"Cache-Control","Value":"no-cache"},{"Name":"Content-Encoding","Value":"br"},{"Name":"Content-Length","Value":"19702"},{"Name":"Content-Type","Value":"text/html"},{"Name":"ETag","Value":"\"FfY9FNO1zjAO/Ai9DATwBFxVN8CLK3BMXmyUO1jYwFs=\""},{"Name":"ETag","Value":"W/\"asPpCC+b7eon6CKqt9y2oP4S5XqjPIBqFP/3N5rGaH0=\""},{"Name":"Last-Modified","Value":"Sun, 22 Feb 2026 22:11:56 GMT"},{"Name":"Vary","Value":"Content-Encoding"}],"EndpointProperties":[{"Name":"integrity","Value":"sha256-asPpCC+b7eon6CKqt9y2oP4S5XqjPIBqFP/3N5rGaH0="}]},{"Route":"demo.html","AssetFile":"demo.html.gz","Selectors":[{"Name":"Content-Encoding","Value":"gzip","Quality":"0.000042030935"}],"ResponseHeaders":[{"Name":"Accept-Ranges","Value":"bytes"},{"Name":"Cache-Control","Value":"no-cache"},{"Name":"Content-Encoding","Value":"gzip"},{"Name":"Content-Length","Value":"23791"},{"Name":"Content-Type","Value":"text/html"},{"Name":"ETag","Value":"\"ozu3SNkuQNDDiRoxWKDiCIcKPiNyeMrTy/NFJD8acvA=\""},{"Name":"ETag","Value":"W/\"asPpCC+b7eon6CKqt9y2oP4S5XqjPIBqFP/3N5rGaH0=\""},{"Name":"Last-Modified","Value":"Sun, 22 Feb 2026 22:11:54 GMT"},{"Name":"Vary","Value":"Content-Encoding"}],"EndpointProperties":[{"Name":"integrity","Value":"sha256-asPpCC+b7eon6CKqt9y2oP4S5XqjPIBqFP/3N5rGaH0="}]},{"Route":"demo.html","AssetFile":"demo.html","Selectors":[],"ResponseHeaders":[{"Name":"Accept-Ranges","Value":"bytes"},{"Name":"Cache-Control","Value":"no-cache"},{"Name":"Content-Length","Value":"128652"},{"Name":"Content-Type","Value":"text/html"},{"Name":"ETag","Value":"\"asPpCC+b7eon6CKqt9y2oP4S5XqjPIBqFP/3N5rGaH0=\""},{"Name":"Last-Modified","Value":"Sun, 22 Feb 2026 22:01:54 GMT"}],"EndpointProperties":[{"Name":"integrity","Value":"sha256-asPpCC+b7eon6CKqt9y2oP4S5XqjPIBqFP/3N5rGaH0="}]},{"Route":"demo.html.br","AssetFile":"demo.html.br","Selectors":[],"ResponseHeaders":[{"Name":"Accept-Ranges","Value":"bytes"},{"Name":"Cache-Control","Value":"no-cache"},{"Name":"Content-Encoding","Value":"br"},{"Name":"Content-Length","Value":"19702"},{"Name":"Content-Type","Value":"text/html"},{"Name":"ETag","Value":"\"FfY9FNO1zjAO/Ai9DATwBFxVN8CLK3BMXmyUO1jYwFs=\""},{"Name":"Last-Modified","Value":"Sun, 22 Feb 2026 22:11:56 GMT"},{"Name":"Vary","Value":"Content-Encoding"}],"EndpointProperties":[{"Name":"integrity","Value":"sha256-FfY9FNO1zjAO/Ai9DATwBFxVN8CLK3BMXmyUO1jYwFs="}]},{"Route":"demo.html.gz","AssetFile":"demo.html.gz","Selectors":[],"ResponseHeaders":[{"Name":"Accept-Ranges","Value":"bytes"},{"Name":"Cache-Control","Value":"no-cache"},{"Name":"Content-Encoding","Value":"gzip"},{"Name":"Content-Length","Value":"23791"},{"Name":"Content-Type","Value":"text/html"},{"Name":"ETag","Value":"\"ozu3SNkuQNDDiRoxWKDiCIcKPiNyeMrTy/NFJD8acvA=\""},{"Name":"Last-Modified","Value":"Sun, 22 Feb 2026 22:11:54 GMT"},{"Name":"Vary","Value":"Content-Encoding"}],"EndpointProperties":[{"Name":"integrity","Value":"sha256-ozu3SNkuQNDDiRoxWKDiCIcKPiNyeMrTy/NFJD8acvA="}]},{"Route":"export.html","AssetFile":"export.html.gz","Selectors":[{"Name":"Content-Encoding","Value":"gzip","Quality":"0.000655307995"}],"ResponseHeaders":[{"Name":"Accept-Ranges","Value":"bytes"},{"Name":"Cache-Control","Value":"no-cache"},{"Name":"Content-Encoding","Value":"gzip"},{"Name":"Content-Length","Value":"1525"},{"Name":"Content-Type","Value":"text/html"},{"Name":"ETag","Value":"\"5SLjC9WRMzbEmyfJgMtycCvgkYuhxC0QCn4mx/6E7bg=\""},{"Name":"ETag","Value":"W/\"1uEX+FVVwdvXOkLNcQlzu4oNqwmTV7KJYffw52jkCho=\""},{"Name":"Last-Modified","Value":"Sun, 22 Feb 2026 21:45:45 GMT"},{"Name":"Vary","Value":"Content-Encoding"}],"EndpointProperties":[{"Name":"integrity","Value":"sha256-1uEX+FVVwdvXOkLNcQlzu4oNqwmTV7KJYffw52jkCho="}]},{"Route":"export.html","AssetFile":"export.html.br","Selectors":[{"Name":"Content-Encoding","Value":"br","Quality":"0.000814995925"}],"ResponseHeaders":[{"Name":"Accept-Ranges","Value":"bytes"},{"Name":"Cache-Control","Value":"no-cache"},{"Name":"Content-Encoding","Value":"br"},{"Name":"Content-Length","Value":"1226"},{"Name":"Content-Type","Value":"text/html"},{"Name":"ETag","Value":"\"RjdcIaOggHNYUQRozJMrD0Wi5dw0R7ouQD/kNfz74rw=\""},{"Name":"ETag","Value":"W/\"1uEX+FVVwdvXOkLNcQlzu4oNqwmTV7KJYffw52jkCho=\""},{"Name":"Last-Modified","Value":"Sun, 22 Feb 2026 22:11:56 GMT"},{"Name":"Vary","Value":"Content-Encoding"}],"EndpointProperties":[{"Name":"integrity","Value":"sha256-1uEX+FVVwdvXOkLNcQlzu4oNqwmTV7KJYffw52jkCho="}]},{"Route":"export.html","AssetFile":"export.html","Selectors":[],"ResponseHeaders":[{"Name":"Accept-Ranges","Value":"bytes"},{"Name":"Cache-Control","Value":"no-cache"},{"Name":"Content-Length","Value":"4689"},{"Name":"Content-Type","Value":"text/html"},{"Name":"ETag","Value":"\"1uEX+FVVwdvXOkLNcQlzu4oNqwmTV7KJYffw52jkCho=\""},{"Name":"Last-Modified","Value":"Sun, 22 Feb 2026 21:44:43 GMT"}],"EndpointProperties":[{"Name":"integrity","Value":"sha256-1uEX+FVVwdvXOkLNcQlzu4oNqwmTV7KJYffw52jkCho="}]},{"Route":"export.html.br","AssetFile":"export.html.br","Selectors":[],"ResponseHeaders":[{"Name":"Accept-Ranges","Value":"bytes"},{"Name":"Cache-Control","Value":"no-cache"},{"Name":"Content-Encoding","Value":"br"},{"Name":"Content-Length","Value":"1226"},{"Name":"Content-Type","Value":"text/html"},{"Name":"ETag","Value":"\"RjdcIaOggHNYUQRozJMrD0Wi5dw0R7ouQD/kNfz74rw=\""},{"Name":"Last-Modified","Value":"Sun, 22 Feb 2026 22:11:56 GMT"},{"Name":"Vary","Value":"Content-Encoding"}],"EndpointProperties":[{"Name":"integrity","Value":"sha256-RjdcIaOggHNYUQRozJMrD0Wi5dw0R7ouQD/kNfz74rw="}]},{"Route":"export.html.gz","AssetFile":"export.html.gz","Selectors":[],"ResponseHeaders":[{"Name":"Accept-Ranges","Value":"bytes"},{"Name":"Cache-Control","Value":"no-cache"},{"Name":"Content-Encoding","Value":"gzip"},{"Name":"Content-Length","Value":"1525"},{"Name":"Content-Type","Value":"text/html"},{"Name":"ETag","Value":"\"5SLjC9WRMzbEmyfJgMtycCvgkYuhxC0QCn4mx/6E7bg=\""},{"Name":"Last-Modified","Value":"Sun, 22 Feb 2026 21:45:45 GMT"},{"Name":"Vary","Value":"Content-Encoding"}],"EndpointProperties":[{"Name":"integrity","Value":"sha256-5SLjC9WRMzbEmyfJgMtycCvgkYuhxC0QCn4mx/6E7bg="}]},{"Route":"export.im4fh6hz3x.html","AssetFile":"export.html.gz","Selectors":[{"Name":"Content-Encoding","Value":"gzip","Quality":"0.000655307995"}],"ResponseHeaders":[{"Name":"Accept-Ranges","Value":"bytes"},{"Name":"Cache-Control","Value":"max-age=31536000, immutable"},{"Name":"Content-Encoding","Value":"gzip"},{"Name":"Content-Length","Value":"1525"},{"Name":"Content-Type","Value":"text/html"},{"Name":"ETag","Value":"\"5SLjC9WRMzbEmyfJgMtycCvgkYuhxC0QCn4mx/6E7bg=\""},{"Name":"ETag","Value":"W/\"1uEX+FVVwdvXOkLNcQlzu4oNqwmTV7KJYffw52jkCho=\""},{"Name":"Last-Modified","Value":"Sun, 22 Feb 2026 21:45:45 GMT"},{"Name":"Vary","Value":"Content-Encoding"}],"EndpointProperties":[{"Name":"fingerprint","Value":"im4fh6hz3x"},{"Name":"integrity","Value":"sha256-1uEX+FVVwdvXOkLNcQlzu4oNqwmTV7KJYffw52jkCho="},{"Name":"label","Value":"export.html"}]},{"Route":"export.im4fh6hz3x.html","AssetFile":"export.html.br","Selectors":[{"Name":"Content-Encoding","Value":"br","Quality":"0.000814995925"}],"ResponseHeaders":[{"Name":"Accept-Ranges","Value":"bytes"},{"Name":"Cache-Control","Value":"max-age=31536000, immutable"},{"Name":"Content-Encoding","Value":"br"},{"Name":"Content-Length","Value":"1226"},{"Name":"Content-Type","Value":"text/html"},{"Name":"ETag","Value":"\"RjdcIaOggHNYUQRozJMrD0Wi5dw0R7ouQD/kNfz74rw=\""},{"Name":"ETag","Value":"W/\"1uEX+FVVwdvXOkLNcQlzu4oNqwmTV7KJYffw52jkCho=\""},{"Name":"Last-Modified","Value":"Sun, 22 Feb 2026 22:11:56 GMT"},{"Name":"Vary","Value":"Content-Encoding"}],"EndpointProperties":[{"Name":"fingerprint","Value":"im4fh6hz3x"},{"Name":"integrity","Value":"sha256-1uEX+FVVwdvXOkLNcQlzu4oNqwmTV7KJYffw52jkCho="},{"Name":"label","Value":"export.html"}]},{"Route":"export.im4fh6hz3x.html","AssetFile":"export.html","Selectors":[],"ResponseHeaders":[{"Name":"Accept-Ranges","Value":"bytes"},{"Name":"Cache-Control","Value":"max-age=31536000, immutable"},{"Name":"Content-Length","Value":"4689"},{"Name":"Content-Type","Value":"text/html"},{"Name":"ETag","Value":"\"1uEX+FVVwdvXOkLNcQlzu4oNqwmTV7KJYffw52jkCho=\""},{"Name":"Last-Modified","Value":"Sun, 22 Feb 2026 21:44:43 GMT"}],"EndpointProperties":[{"Name":"fingerprint","Value":"im4fh6hz3x"},{"Name":"integrity","Value":"sha256-1uEX+FVVwdvXOkLNcQlzu4oNqwmTV7KJYffw52jkCho="},{"Name":"label","Value":"export.html"}]},{"Route":"export.im4fh6hz3x.html.br","AssetFile":"export.html.br","Selectors":[],"ResponseHeaders":[{"Name":"Accept-Ranges","Value":"bytes"},{"Name":"Cache-Control","Value":"max-age=31536000, immutable"},{"Name":"Content-Encoding","Value":"br"},{"Name":"Content-Length","Value":"1226"},{"Name":"Content-Type","Value":"text/html"},{"Name":"ETag","Value":"\"RjdcIaOggHNYUQRozJMrD0Wi5dw0R7ouQD/kNfz74rw=\""},{"Name":"Last-Modified","Value":"Sun, 22 Feb 2026 22:11:56 GMT"},{"Name":"Vary","Value":"Content-Encoding"}],"EndpointProperties":[{"Name":"fingerprint","Value":"im4fh6hz3x"},{"Name":"integrity","Value":"sha256-RjdcIaOggHNYUQRozJMrD0Wi5dw0R7ouQD/kNfz74rw="},{"Name":"label","Value":"export.html.br"}]},{"Route":"export.im4fh6hz3x.html.gz","AssetFile":"export.html.gz","Selectors":[],"ResponseHeaders":[{"Name":"Accept-Ranges","Value":"bytes"},{"Name":"Cache-Control","Value":"max-age=31536000, immutable"},{"Name":"Content-Encoding","Value":"gzip"},{"Name":"Content-Length","Value":"1525"},{"Name":"Content-Type","Value":"text/html"},{"Name":"ETag","Value":"\"5SLjC9WRMzbEmyfJgMtycCvgkYuhxC0QCn4mx/6E7bg=\""},{"Name":"Last-Modified","Value":"Sun, 22 Feb 2026 21:45:45 GMT"},{"Name":"Vary","Value":"Content-Encoding"}],"EndpointProperties":[{"Name":"fingerprint","Value":"im4fh6hz3x"},{"Name":"integrity","Value":"sha256-5SLjC9WRMzbEmyfJgMtycCvgkYuhxC0QCn4mx/6E7bg="},{"Name":"label","Value":"export.html.gz"}]},{"Route":"icon.oa6miucfke.svg","AssetFile":"icon.svg.br","Selectors":[{"Name":"Content-Encoding","Value":"br","Quality":"0.003164556962"}],"ResponseHeaders":[{"Name":"Accept-Ranges","Value":"bytes"},{"Name":"Cache-Control","Value":"max-age=31536000, immutable"},{"Name":"Content-Encoding","Value":"br"},{"Name":"Content-Length","Value":"315"},{"Name":"Content-Type","Value":"image/svg+xml"},{"Name":"ETag","Value":"\"ZteCnqkh5WEF/pIAtUmAJxO+BaO4FVJo94mj4giapzo=\""},{"Name":"ETag","Value":"W/\"YNNSbSmj9AhXXt8BjSo5mRI1U7mwRr+GzlECBhVqCoo=\""},{"Name":"Last-Modified","Value":"Sun, 22 Feb 2026 22:11:56 GMT"},{"Name":"Vary","Value":"Content-Encoding"}],"EndpointProperties":[{"Name":"fingerprint","Value":"oa6miucfke"},{"Name":"integrity","Value":"sha256-YNNSbSmj9AhXXt8BjSo5mRI1U7mwRr+GzlECBhVqCoo="},{"Name":"label","Value":"icon.svg"}]},{"Route":"icon.oa6miucfke.svg","AssetFile":"icon.svg.gz","Selectors":[{"Name":"Content-Encoding","Value":"gzip","Quality":"0.002785515320"}],"ResponseHeaders":[{"Name":"Accept-Ranges","Value":"bytes"},{"Name":"Cache-Control","Value":"max-age=31536000, immutable"},{"Name":"Content-Encoding","Value":"gzip"},{"Name":"Content-Length","Value":"358"},{"Name":"Content-Type","Value":"image/svg+xml"},{"Name":"ETag","Value":"\"bK8wIvNd5TSSHtl480sfcK3unZRb5nb6rx3Xm73Gjmk=\""},{"Name":"ETag","Value":"W/\"YNNSbSmj9AhXXt8BjSo5mRI1U7mwRr+GzlECBhVqCoo=\""},{"Name":"Last-Modified","Value":"Sun, 22 Feb 2026 04:51:21 GMT"},{"Name":"Vary","Value":"Content-Encoding"}],"EndpointProperties":[{"Name":"fingerprint","Value":"oa6miucfke"},{"Name":"integrity","Value":"sha256-YNNSbSmj9AhXXt8BjSo5mRI1U7mwRr+GzlECBhVqCoo="},{"Name":"label","Value":"icon.svg"}]},{"Route":"icon.oa6miucfke.svg","AssetFile":"icon.svg","Selectors":[],"ResponseHeaders":[{"Name":"Accept-Ranges","Value":"bytes"},{"Name":"Cache-Control","Value":"max-age=31536000, immutable"},{"Name":"Content-Length","Value":"558"},{"Name":"Content-Type","Value":"image/svg+xml"},{"Name":"ETag","Value":"\"YNNSbSmj9AhXXt8BjSo5mRI1U7mwRr+GzlECBhVqCoo=\""},{"Name":"Last-Modified","Value":"Sun, 22 Feb 2026 00:08:24 GMT"}],"EndpointProperties":[{"Name":"fingerprint","Value":"oa6miucfke"},{"Name":"integrity","Value":"sha256-YNNSbSmj9AhXXt8BjSo5mRI1U7mwRr+GzlECBhVqCoo="},{"Name":"label","Value":"icon.svg"}]},{"Route":"icon.oa6miucfke.svg.br","AssetFile":"icon.svg.br","Selectors":[],"ResponseHeaders":[{"Name":"Accept-Ranges","Value":"bytes"},{"Name":"Cache-Control","Value":"max-age=31536000, immutable"},{"Name":"Content-Encoding","Value":"br"},{"Name":"Content-Length","Value":"315"},{"Name":"Content-Type","Value":"image/svg+xml"},{"Name":"ETag","Value":"\"ZteCnqkh5WEF/pIAtUmAJxO+BaO4FVJo94mj4giapzo=\""},{"Name":"Last-Modified","Value":"Sun, 22 Feb 2026 22:11:56 GMT"},{"Name":"Vary","Value":"Content-Encoding"}],"EndpointProperties":[{"Name":"fingerprint","Value":"oa6miucfke"},{"Name":"integrity","Value":"sha256-ZteCnqkh5WEF/pIAtUmAJxO+BaO4FVJo94mj4giapzo="},{"Name":"label","Value":"icon.svg.br"}]},{"Route":"icon.oa6miucfke.svg.gz","AssetFile":"icon.svg.gz","Selectors":[],"ResponseHeaders":[{"Name":"Accept-Ranges","Value":"bytes"},{"Name":"Cache-Control","Value":"max-age=31536000, immutable"},{"Name":"Content-Encoding","Value":"gzip"},{"Name":"Content-Length","Value":"358"},{"Name":"Content-Type","Value":"image/svg+xml"},{"Name":"ETag","Value":"\"bK8wIvNd5TSSHtl480sfcK3unZRb5nb6rx3Xm73Gjmk=\""},{"Name":"Last-Modified","Value":"Sun, 22 Feb 2026 04:51:21 GMT"},{"Name":"Vary","Value":"Content-Encoding"}],"EndpointProperties":[{"Name":"fingerprint","Value":"oa6miucfke"},{"Name":"integrity","Value":"sha256-bK8wIvNd5TSSHtl480sfcK3unZRb5nb6rx3Xm73Gjmk="},{"Name":"label","Value":"icon.svg.gz"}]},{"Route":"icon.svg","AssetFile":"icon.svg.br","Selectors":[{"Name":"Content-Encoding","Value":"br","Quality":"0.003164556962"}],"ResponseHeaders":[{"Name":"Accept-Ranges","Value":"bytes"},{"Name":"Cache-Control","Value":"no-cache"},{"Name":"Content-Encoding","Value":"br"},{"Name":"Content-Length","Value":"315"},{"Name":"Content-Type","Value":"image/svg+xml"},{"Name":"ETag","Value":"\"ZteCnqkh5WEF/pIAtUmAJxO+BaO4FVJo94mj4giapzo=\""},{"Name":"ETag","Value":"W/\"YNNSbSmj9AhXXt8BjSo5mRI1U7mwRr+GzlECBhVqCoo=\""},{"Name":"Last-Modified","Value":"Sun, 22 Feb 2026 22:11:56 GMT"},{"Name":"Vary","Value":"Content-Encoding"}],"EndpointProperties":[{"Name":"integrity","Value":"sha256-YNNSbSmj9AhXXt8BjSo5mRI1U7mwRr+GzlECBhVqCoo="}]},{"Route":"icon.svg","AssetFile":"icon.svg.gz","Selectors":[{"Name":"Content-Encoding","Value":"gzip","Quality":"0.002785515320"}],"ResponseHeaders":[{"Name":"Accept-Ranges","Value":"bytes"},{"Name":"Cache-Control","Value":"no-cache"},{"Name":"Content-Encoding","Value":"gzip"},{"Name":"Content-Length","Value":"358"},{"Name":"Content-Type","Value":"image/svg+xml"},{"Name":"ETag","Value":"\"bK8wIvNd5TSSHtl480sfcK3unZRb5nb6rx3Xm73Gjmk=\""},{"Name":"ETag","Value":"W/\"YNNSbSmj9AhXXt8BjSo5mRI1U7mwRr+GzlECBhVqCoo=\""},{"Name":"Last-Modified","Value":"Sun, 22 Feb 2026 04:51:21 GMT"},{"Name":"Vary","Value":"Content-Encoding"}],"EndpointProperties":[{"Name":"integrity","Value":"sha256-YNNSbSmj9AhXXt8BjSo5mRI1U7mwRr+GzlECBhVqCoo="}]},{"Route":"icon.svg","AssetFile":"icon.svg","Selectors":[],"ResponseHeaders":[{"Name":"Accept-Ranges","Value":"bytes"},{"Name":"Cache-Control","Value":"no-cache"},{"Name":"Content-Length","Value":"558"},{"Name":"Content-Type","Value":"image/svg+xml"},{"Name":"ETag","Value":"\"YNNSbSmj9AhXXt8BjSo5mRI1U7mwRr+GzlECBhVqCoo=\""},{"Name":"Last-Modified","Value":"Sun, 22 Feb 2026 00:08:24 GMT"}],"EndpointProperties":[{"Name":"integrity","Value":"sha256-YNNSbSmj9AhXXt8BjSo5mRI1U7mwRr+GzlECBhVqCoo="}]},{"Route":"icon.svg.br","AssetFile":"icon.svg.br","Selectors":[],"ResponseHeaders":[{"Name":"Accept-Ranges","Value":"bytes"},{"Name":"Cache-Control","Value":"no-cache"},{"Name":"Content-Encoding","Value":"br"},{"Name":"Content-Length","Value":"315"},{"Name":"Content-Type","Value":"image/svg+xml"},{"Name":"ETag","Value":"\"ZteCnqkh5WEF/pIAtUmAJxO+BaO4FVJo94mj4giapzo=\""},{"Name":"Last-Modified","Value":"Sun, 22 Feb 2026 22:11:56 GMT"},{"Name":"Vary","Value":"Content-Encoding"}],"EndpointProperties":[{"Name":"integrity","Value":"sha256-ZteCnqkh5WEF/pIAtUmAJxO+BaO4FVJo94mj4giapzo="}]},{"Route":"icon.svg.gz","AssetFile":"icon.svg.gz","Selectors":[],"ResponseHeaders":[{"Name":"Accept-Ranges","Value":"bytes"},{"Name":"Cache-Control","Value":"no-cache"},{"Name":"Content-Encoding","Value":"gzip"},{"Name":"Content-Length","Value":"358"},{"Name":"Content-Type","Value":"image/svg+xml"},{"Name":"ETag","Value":"\"bK8wIvNd5TSSHtl480sfcK3unZRb5nb6rx3Xm73Gjmk=\""},{"Name":"Last-Modified","Value":"Sun, 22 Feb 2026 04:51:21 GMT"},{"Name":"Vary","Value":"Content-Encoding"}],"EndpointProperties":[{"Name":"integrity","Value":"sha256-bK8wIvNd5TSSHtl480sfcK3unZRb5nb6rx3Xm73Gjmk="}]},{"Route":"index.html","AssetFile":"index.html.gz","Selectors":[{"Name":"Content-Encoding","Value":"gzip","Quality":"0.005291005291"}],"ResponseHeaders":[{"Name":"Accept-Ranges","Value":"bytes"},{"Name":"Cache-Control","Value":"no-cache"},{"Name":"Content-Encoding","Value":"gzip"},{"Name":"Content-Length","Value":"188"},{"Name":"Content-Type","Value":"text/html"},{"Name":"ETag","Value":"\"K9lwL9d/pTPsrDZf8CJoLOt6Wz5wDlRsSmfI/m9HSgY=\""},{"Name":"ETag","Value":"W/\"XeaGTNxGps1dAJP2ZWG9skV9GqSqKsocCrcKK5Lz0EA=\""},{"Name":"Last-Modified","Value":"Sun, 22 Feb 2026 04:51:21 GMT"},{"Name":"Vary","Value":"Content-Encoding"}],"EndpointProperties":[{"Name":"integrity","Value":"sha256-XeaGTNxGps1dAJP2ZWG9skV9GqSqKsocCrcKK5Lz0EA="}]},{"Route":"index.html","AssetFile":"index.html.br","Selectors":[{"Name":"Content-Encoding","Value":"br","Quality":"0.007936507937"}],"ResponseHeaders":[{"Name":"Accept-Ranges","Value":"bytes"},{"Name":"Cache-Control","Value":"no-cache"},{"Name":"Content-Encoding","Value":"br"},{"Name":"Content-Length","Value":"125"},{"Name":"Content-Type","Value":"text/html"},{"Name":"ETag","Value":"\"ONmM0dBqu4dIGm4f/AbksJoOQViXM9mnWpkxH/EBAyc=\""},{"Name":"ETag","Value":"W/\"XeaGTNxGps1dAJP2ZWG9skV9GqSqKsocCrcKK5Lz0EA=\""},{"Name":"Last-Modified","Value":"Sun, 22 Feb 2026 22:11:56 GMT"},{"Name":"Vary","Value":"Content-Encoding"}],"EndpointProperties":[{"Name":"integrity","Value":"sha256-XeaGTNxGps1dAJP2ZWG9skV9GqSqKsocCrcKK5Lz0EA="}]},{"Route":"index.html","AssetFile":"index.html","Selectors":[],"ResponseHeaders":[{"Name":"Accept-Ranges","Value":"bytes"},{"Name":"Cache-Control","Value":"no-cache"},{"Name":"Content-Length","Value":"261"},{"Name":"Content-Type","Value":"text/html"},{"Name":"ETag","Value":"\"XeaGTNxGps1dAJP2ZWG9skV9GqSqKsocCrcKK5Lz0EA=\""},{"Name":"Last-Modified","Value":"Sun, 22 Feb 2026 03:38:07 GMT"}],"EndpointProperties":[{"Name":"integrity","Value":"sha256-XeaGTNxGps1dAJP2ZWG9skV9GqSqKsocCrcKK5Lz0EA="}]},{"Route":"index.html.br","AssetFile":"index.html.br","Selectors":[],"ResponseHeaders":[{"Name":"Accept-Ranges","Value":"bytes"},{"Name":"Cache-Control","Value":"no-cache"},{"Name":"Content-Encoding","Value":"br"},{"Name":"Content-Length","Value":"125"},{"Name":"Content-Type","Value":"text/html"},{"Name":"ETag","Value":"\"ONmM0dBqu4dIGm4f/AbksJoOQViXM9mnWpkxH/EBAyc=\""},{"Name":"Last-Modified","Value":"Sun, 22 Feb 2026 22:11:56 GMT"},{"Name":"Vary","Value":"Content-Encoding"}],"EndpointProperties":[{"Name":"integrity","Value":"sha256-ONmM0dBqu4dIGm4f/AbksJoOQViXM9mnWpkxH/EBAyc="}]},{"Route":"index.html.gz","AssetFile":"index.html.gz","Selectors":[],"ResponseHeaders":[{"Name":"Accept-Ranges","Value":"bytes"},{"Name":"Cache-Control","Value":"no-cache"},{"Name":"Content-Encoding","Value":"gzip"},{"Name":"Content-Length","Value":"188"},{"Name":"Content-Type","Value":"text/html"},{"Name":"ETag","Value":"\"K9lwL9d/pTPsrDZf8CJoLOt6Wz5wDlRsSmfI/m9HSgY=\""},{"Name":"Last-Modified","Value":"Sun, 22 Feb 2026 04:51:21 GMT"},{"Name":"Vary","Value":"Content-Encoding"}],"EndpointProperties":[{"Name":"integrity","Value":"sha256-K9lwL9d/pTPsrDZf8CJoLOt6Wz5wDlRsSmfI/m9HSgY="}]},{"Route":"index.lys7czuema.html","AssetFile":"index.html.gz","Selectors":[{"Name":"Content-Encoding","Value":"gzip","Quality":"0.005291005291"}],"ResponseHeaders":[{"Name":"Accept-Ranges","Value":"bytes"},{"Name":"Cache-Control","Value":"max-age=31536000, immutable"},{"Name":"Content-Encoding","Value":"gzip"},{"Name":"Content-Length","Value":"188"},{"Name":"Content-Type","Value":"text/html"},{"Name":"ETag","Value":"\"K9lwL9d/pTPsrDZf8CJoLOt6Wz5wDlRsSmfI/m9HSgY=\""},{"Name":"ETag","Value":"W/\"XeaGTNxGps1dAJP2ZWG9skV9GqSqKsocCrcKK5Lz0EA=\""},{"Name":"Last-Modified","Value":"Sun, 22 Feb 2026 04:51:21 GMT"},{"Name":"Vary","Value":"Content-Encoding"}],"EndpointProperties":[{"Name":"fingerprint","Value":"lys7czuema"},{"Name":"integrity","Value":"sha256-XeaGTNxGps1dAJP2ZWG9skV9GqSqKsocCrcKK5Lz0EA="},{"Name":"label","Value":"index.html"}]},{"Route":"index.lys7czuema.html","AssetFile":"index.html.br","Selectors":[{"Name":"Content-Encoding","Value":"br","Quality":"0.007936507937"}],"ResponseHeaders":[{"Name":"Accept-Ranges","Value":"bytes"},{"Name":"Cache-Control","Value":"max-age=31536000, immutable"},{"Name":"Content-Encoding","Value":"br"},{"Name":"Content-Length","Value":"125"},{"Name":"Content-Type","Value":"text/html"},{"Name":"ETag","Value":"\"ONmM0dBqu4dIGm4f/AbksJoOQViXM9mnWpkxH/EBAyc=\""},{"Name":"ETag","Value":"W/\"XeaGTNxGps1dAJP2ZWG9skV9GqSqKsocCrcKK5Lz0EA=\""},{"Name":"Last-Modified","Value":"Sun, 22 Feb 2026 22:11:56 GMT"},{"Name":"Vary","Value":"Content-Encoding"}],"EndpointProperties":[{"Name":"fingerprint","Value":"lys7czuema"},{"Name":"integrity","Value":"sha256-XeaGTNxGps1dAJP2ZWG9skV9GqSqKsocCrcKK5Lz0EA="},{"Name":"label","Value":"index.html"}]},{"Route":"index.lys7czuema.html","AssetFile":"index.html","Selectors":[],"ResponseHeaders":[{"Name":"Accept-Ranges","Value":"bytes"},{"Name":"Cache-Control","Value":"max-age=31536000, immutable"},{"Name":"Content-Length","Value":"261"},{"Name":"Content-Type","Value":"text/html"},{"Name":"ETag","Value":"\"XeaGTNxGps1dAJP2ZWG9skV9GqSqKsocCrcKK5Lz0EA=\""},{"Name":"Last-Modified","Value":"Sun, 22 Feb 2026 03:38:07 GMT"}],"EndpointProperties":[{"Name":"fingerprint","Value":"lys7czuema"},{"Name":"integrity","Value":"sha256-XeaGTNxGps1dAJP2ZWG9skV9GqSqKsocCrcKK5Lz0EA="},{"Name":"label","Value":"index.html"}]},{"Route":"index.lys7czuema.html.br","AssetFile":"index.html.br","Selectors":[],"ResponseHeaders":[{"Name":"Accept-Ranges","Value":"bytes"},{"Name":"Cache-Control","Value":"max-age=31536000, immutable"},{"Name":"Content-Encoding","Value":"br"},{"Name":"Content-Length","Value":"125"},{"Name":"Content-Type","Value":"text/html"},{"Name":"ETag","Value":"\"ONmM0dBqu4dIGm4f/AbksJoOQViXM9mnWpkxH/EBAyc=\""},{"Name":"Last-Modified","Value":"Sun, 22 Feb 2026 22:11:56 GMT"},{"Name":"Vary","Value":"Content-Encoding"}],"EndpointProperties":[{"Name":"fingerprint","Value":"lys7czuema"},{"Name":"integrity","Value":"sha256-ONmM0dBqu4dIGm4f/AbksJoOQViXM9mnWpkxH/EBAyc="},{"Name":"label","Value":"index.html.br"}]},{"Route":"index.lys7czuema.html.gz","AssetFile":"index.html.gz","Selectors":[],"ResponseHeaders":[{"Name":"Accept-Ranges","Value":"bytes"},{"Name":"Cache-Control","Value":"max-age=31536000, immutable"},{"Name":"Content-Encoding","Value":"gzip"},{"Name":"Content-Length","Value":"188"},{"Name":"Content-Type","Value":"text/html"},{"Name":"ETag","Value":"\"K9lwL9d/pTPsrDZf8CJoLOt6Wz5wDlRsSmfI/m9HSgY=\""},{"Name":"Last-Modified","Value":"Sun, 22 Feb 2026 04:51:21 GMT"},{"Name":"Vary","Value":"Content-Encoding"}],"EndpointProperties":[{"Name":"fingerprint","Value":"lys7czuema"},{"Name":"integrity","Value":"sha256-K9lwL9d/pTPsrDZf8CJoLOt6Wz5wDlRsSmfI/m9HSgY="},{"Name":"label","Value":"index.html.gz"}]},{"Route":"manifest.r8xmtqoest.webmanifest","AssetFile":"manifest.webmanifest.gz","Selectors":[{"Name":"Content-Encoding","Value":"gzip","Quality":"0.004464285714"}],"ResponseHeaders":[{"Name":"Accept-Ranges","Value":"bytes"},{"Name":"Cache-Control","Value":"max-age=31536000, immutable"},{"Name":"Content-Encoding","Value":"gzip"},{"Name":"Content-Length","Value":"223"},{"Name":"Content-Type","Value":"application/manifest+json"},{"Name":"ETag","Value":"\"HlhONfRt5at+y+Z4hmtD+INa1sLqnVHMmdmeqHl0TkE=\""},{"Name":"ETag","Value":"W/\"yzYd+uaNNdkFNKKWlrDcHhJzahUwHUHz93gf9yt7A4E=\""},{"Name":"Last-Modified","Value":"Sun, 22 Feb 2026 04:51:21 GMT"},{"Name":"Vary","Value":"Content-Encoding"}],"EndpointProperties":[{"Name":"fingerprint","Value":"r8xmtqoest"},{"Name":"integrity","Value":"sha256-yzYd+uaNNdkFNKKWlrDcHhJzahUwHUHz93gf9yt7A4E="},{"Name":"label","Value":"manifest.webmanifest"}]},{"Route":"manifest.r8xmtqoest.webmanifest","AssetFile":"manifest.webmanifest.br","Selectors":[{"Name":"Content-Encoding","Value":"br","Quality":"0.005494505495"}],"ResponseHeaders":[{"Name":"Accept-Ranges","Value":"bytes"},{"Name":"Cache-Control","Value":"max-age=31536000, immutable"},{"Name":"Content-Encoding","Value":"br"},{"Name":"Content-Length","Value":"181"},{"Name":"Content-Type","Value":"application/manifest+json"},{"Name":"ETag","Value":"\"z2Ky10+N+8fkZ+MgEotspWSu9y/7dHIwtRs630W/0g4=\""},{"Name":"ETag","Value":"W/\"yzYd+uaNNdkFNKKWlrDcHhJzahUwHUHz93gf9yt7A4E=\""},{"Name":"Last-Modified","Value":"Sun, 22 Feb 2026 22:11:56 GMT"},{"Name":"Vary","Value":"Content-Encoding"}],"EndpointProperties":[{"Name":"fingerprint","Value":"r8xmtqoest"},{"Name":"integrity","Value":"sha256-yzYd+uaNNdkFNKKWlrDcHhJzahUwHUHz93gf9yt7A4E="},{"Name":"label","Value":"manifest.webmanifest"}]},{"Route":"manifest.r8xmtqoest.webmanifest","AssetFile":"manifest.webmanifest","Selectors":[],"ResponseHeaders":[{"Name":"Accept-Ranges","Value":"bytes"},{"Name":"Cache-Control","Value":"max-age=31536000, immutable"},{"Name":"Content-Length","Value":"360"},{"Name":"Content-Type","Value":"application/manifest+json"},{"Name":"ETag","Value":"\"yzYd+uaNNdkFNKKWlrDcHhJzahUwHUHz93gf9yt7A4E=\""},{"Name":"Last-Modified","Value":"Sun, 22 Feb 2026 00:08:21 GMT"}],"EndpointProperties":[{"Name":"fingerprint","Value":"r8xmtqoest"},{"Name":"integrity","Value":"sha256-yzYd+uaNNdkFNKKWlrDcHhJzahUwHUHz93gf9yt7A4E="},{"Name":"label","Value":"manifest.webmanifest"}]},{"Route":"manifest.r8xmtqoest.webmanifest.br","AssetFile":"manifest.webmanifest.br","Selectors":[],"ResponseHeaders":[{"Name":"Accept-Ranges","Value":"bytes"},{"Name":"Cache-Control","Value":"max-age=31536000, immutable"},{"Name":"Content-Encoding","Value":"br"},{"Name":"Content-Length","Value":"181"},{"Name":"Content-Type","Value":"application/manifest+json"},{"Name":"ETag","Value":"\"z2Ky10+N+8fkZ+MgEotspWSu9y/7dHIwtRs630W/0g4=\""},{"Name":"Last-Modified","Value":"Sun, 22 Feb 2026 22:11:56 GMT"},{"Name":"Vary","Value":"Content-Encoding"}],"EndpointProperties":[{"Name":"fingerprint","Value":"r8xmtqoest"},{"Name":"integrity","Value":"sha256-z2Ky10+N+8fkZ+MgEotspWSu9y/7dHIwtRs630W/0g4="},{"Name":"label","Value":"manifest.webmanifest.br"}]},{"Route":"manifest.r8xmtqoest.webmanifest.gz","AssetFile":"manifest.webmanifest.gz","Selectors":[],"ResponseHeaders":[{"Name":"Accept-Ranges","Value":"bytes"},{"Name":"Cache-Control","Value":"max-age=31536000, immutable"},{"Name":"Content-Encoding","Value":"gzip"},{"Name":"Content-Length","Value":"223"},{"Name":"Content-Type","Value":"application/manifest+json"},{"Name":"ETag","Value":"\"HlhONfRt5at+y+Z4hmtD+INa1sLqnVHMmdmeqHl0TkE=\""},{"Name":"Last-Modified","Value":"Sun, 22 Feb 2026 04:51:21 GMT"},{"Name":"Vary","Value":"Content-Encoding"}],"EndpointProperties":[{"Name":"fingerprint","Value":"r8xmtqoest"},{"Name":"integrity","Value":"sha256-HlhONfRt5at+y+Z4hmtD+INa1sLqnVHMmdmeqHl0TkE="},{"Name":"label","Value":"manifest.webmanifest.gz"}]},{"Route":"manifest.webmanifest","AssetFile":"manifest.webmanifest.gz","Selectors":[{"Name":"Content-Encoding","Value":"gzip","Quality":"0.004464285714"}],"ResponseHeaders":[{"Name":"Accept-Ranges","Value":"bytes"},{"Name":"Cache-Control","Value":"no-cache"},{"Name":"Content-Encoding","Value":"gzip"},{"Name":"Content-Length","Value":"223"},{"Name":"Content-Type","Value":"application/manifest+json"},{"Name":"ETag","Value":"\"HlhONfRt5at+y+Z4hmtD+INa1sLqnVHMmdmeqHl0TkE=\""},{"Name":"ETag","Value":"W/\"yzYd+uaNNdkFNKKWlrDcHhJzahUwHUHz93gf9yt7A4E=\""},{"Name":"Last-Modified","Value":"Sun, 22 Feb 2026 04:51:21 GMT"},{"Name":"Vary","Value":"Content-Encoding"}],"EndpointProperties":[{"Name":"integrity","Value":"sha256-yzYd+uaNNdkFNKKWlrDcHhJzahUwHUHz93gf9yt7A4E="}]},{"Route":"manifest.webmanifest","AssetFile":"manifest.webmanifest.br","Selectors":[{"Name":"Content-Encoding","Value":"br","Quality":"0.005494505495"}],"ResponseHeaders":[{"Name":"Accept-Ranges","Value":"bytes"},{"Name":"Cache-Control","Value":"no-cache"},{"Name":"Content-Encoding","Value":"br"},{"Name":"Content-Length","Value":"181"},{"Name":"Content-Type","Value":"application/manifest+json"},{"Name":"ETag","Value":"\"z2Ky10+N+8fkZ+MgEotspWSu9y/7dHIwtRs630W/0g4=\""},{"Name":"ETag","Value":"W/\"yzYd+uaNNdkFNKKWlrDcHhJzahUwHUHz93gf9yt7A4E=\""},{"Name":"Last-Modified","Value":"Sun, 22 Feb 2026 22:11:56 GMT"},{"Name":"Vary","Value":"Content-Encoding"}],"EndpointProperties":[{"Name":"integrity","Value":"sha256-yzYd+uaNNdkFNKKWlrDcHhJzahUwHUHz93gf9yt7A4E="}]},{"Route":"manifest.webmanifest","AssetFile":"manifest.webmanifest","Selectors":[],"ResponseHeaders":[{"Name":"Accept-Ranges","Value":"bytes"},{"Name":"Cache-Control","Value":"no-cache"},{"Name":"Content-Length","Value":"360"},{"Name":"Content-Type","Value":"application/manifest+json"},{"Name":"ETag","Value":"\"yzYd+uaNNdkFNKKWlrDcHhJzahUwHUHz93gf9yt7A4E=\""},{"Name":"Last-Modified","Value":"Sun, 22 Feb 2026 00:08:21 GMT"}],"EndpointProperties":[{"Name":"integrity","Value":"sha256-yzYd+uaNNdkFNKKWlrDcHhJzahUwHUHz93gf9yt7A4E="}]},{"Route":"manifest.webmanifest.br","AssetFile":"manifest.webmanifest.br","Selectors":[],"ResponseHeaders":[{"Name":"Accept-Ranges","Value":"bytes"},{"Name":"Cache-Control","Value":"no-cache"},{"Name":"Content-Encoding","Value":"br"},{"Name":"Content-Length","Value":"181"},{"Name":"Content-Type","Value":"application/manifest+json"},{"Name":"ETag","Value":"\"z2Ky10+N+8fkZ+MgEotspWSu9y/7dHIwtRs630W/0g4=\""},{"Name":"Last-Modified","Value":"Sun, 22 Feb 2026 22:11:56 GMT"},{"Name":"Vary","Value":"Content-Encoding"}],"EndpointProperties":[{"Name":"integrity","Value":"sha256-z2Ky10+N+8fkZ+MgEotspWSu9y/7dHIwtRs630W/0g4="}]},{"Route":"manifest.webmanifest.gz","AssetFile":"manifest.webmanifest.gz","Selectors":[],"ResponseHeaders":[{"Name":"Accept-Ranges","Value":"bytes"},{"Name":"Cache-Control","Value":"no-cache"},{"Name":"Content-Encoding","Value":"gzip"},{"Name":"Content-Length","Value":"223"},{"Name":"Content-Type","Value":"application/manifest+json"},{"Name":"ETag","Value":"\"HlhONfRt5at+y+Z4hmtD+INa1sLqnVHMmdmeqHl0TkE=\""},{"Name":"Last-Modified","Value":"Sun, 22 Feb 2026 04:51:21 GMT"},{"Name":"Vary","Value":"Content-Encoding"}],"EndpointProperties":[{"Name":"integrity","Value":"sha256-HlhONfRt5at+y+Z4hmtD+INa1sLqnVHMmdmeqHl0TkE="}]},{"Route":"mobile.html","AssetFile":"mobile.html.br","Selectors":[{"Name":"Content-Encoding","Value":"br","Quality":"0.000595592615"}],"ResponseHeaders":[{"Name":"Accept-Ranges","Value":"bytes"},{"Name":"Cache-Control","Value":"no-cache"},{"Name":"Content-Encoding","Value":"br"},{"Name":"Content-Length","Value":"1678"},{"Name":"Content-Type","Value":"text/html"},{"Name":"ETag","Value":"\"QiWVh7IDlSb8nQ87f91s477yMGDe+utT8LzNVvw5FGU=\""},{"Name":"ETag","Value":"W/\"pWm+fN/is4micNdENwr0wx/dA0spIlXveXcAxrtz/iw=\""},{"Name":"Last-Modified","Value":"Sun, 22 Feb 2026 22:11:56 GMT"},{"Name":"Vary","Value":"Content-Encoding"}],"EndpointProperties":[{"Name":"integrity","Value":"sha256-pWm+fN/is4micNdENwr0wx/dA0spIlXveXcAxrtz/iw="}]},{"Route":"mobile.html","AssetFile":"mobile.html.gz","Selectors":[{"Name":"Content-Encoding","Value":"gzip","Quality":"0.000477326969"}],"ResponseHeaders":[{"Name":"Accept-Ranges","Value":"bytes"},{"Name":"Cache-Control","Value":"no-cache"},{"Name":"Content-Encoding","Value":"gzip"},{"Name":"Content-Length","Value":"2094"},{"Name":"Content-Type","Value":"text/html"},{"Name":"ETag","Value":"\"ju50gbErYLVdE+j0m9rGfYIyptkRc/4z3Rc+OiP2Sx0=\""},{"Name":"ETag","Value":"W/\"pWm+fN/is4micNdENwr0wx/dA0spIlXveXcAxrtz/iw=\""},{"Name":"Last-Modified","Value":"Sun, 22 Feb 2026 21:45:45 GMT"},{"Name":"Vary","Value":"Content-Encoding"}],"EndpointProperties":[{"Name":"integrity","Value":"sha256-pWm+fN/is4micNdENwr0wx/dA0spIlXveXcAxrtz/iw="}]},{"Route":"mobile.html","AssetFile":"mobile.html","Selectors":[],"ResponseHeaders":[{"Name":"Accept-Ranges","Value":"bytes"},{"Name":"Cache-Control","Value":"no-cache"},{"Name":"Content-Length","Value":"8401"},{"Name":"Content-Type","Value":"text/html"},{"Name":"ETag","Value":"\"pWm+fN/is4micNdENwr0wx/dA0spIlXveXcAxrtz/iw=\""},{"Name":"Last-Modified","Value":"Sun, 22 Feb 2026 21:45:08 GMT"}],"EndpointProperties":[{"Name":"integrity","Value":"sha256-pWm+fN/is4micNdENwr0wx/dA0spIlXveXcAxrtz/iw="}]},{"Route":"mobile.html.br","AssetFile":"mobile.html.br","Selectors":[],"ResponseHeaders":[{"Name":"Accept-Ranges","Value":"bytes"},{"Name":"Cache-Control","Value":"no-cache"},{"Name":"Content-Encoding","Value":"br"},{"Name":"Content-Length","Value":"1678"},{"Name":"Content-Type","Value":"text/html"},{"Name":"ETag","Value":"\"QiWVh7IDlSb8nQ87f91s477yMGDe+utT8LzNVvw5FGU=\""},{"Name":"Last-Modified","Value":"Sun, 22 Feb 2026 22:11:56 GMT"},{"Name":"Vary","Value":"Content-Encoding"}],"EndpointProperties":[{"Name":"integrity","Value":"sha256-QiWVh7IDlSb8nQ87f91s477yMGDe+utT8LzNVvw5FGU="}]},{"Route":"mobile.html.gz","AssetFile":"mobile.html.gz","Selectors":[],"ResponseHeaders":[{"Name":"Accept-Ranges","Value":"bytes"},{"Name":"Cache-Control","Value":"no-cache"},{"Name":"Content-Encoding","Value":"gzip"},{"Name":"Content-Length","Value":"2094"},{"Name":"Content-Type","Value":"text/html"},{"Name":"ETag","Value":"\"ju50gbErYLVdE+j0m9rGfYIyptkRc/4z3Rc+OiP2Sx0=\""},{"Name":"Last-Modified","Value":"Sun, 22 Feb 2026 21:45:45 GMT"},{"Name":"Vary","Value":"Content-Encoding"}],"EndpointProperties":[{"Name":"integrity","Value":"sha256-ju50gbErYLVdE+j0m9rGfYIyptkRc/4z3Rc+OiP2Sx0="}]},{"Route":"mobile.zukzedamjp.html","AssetFile":"mobile.html.br","Selectors":[{"Name":"Content-Encoding","Value":"br","Quality":"0.000595592615"}],"ResponseHeaders":[{"Name":"Accept-Ranges","Value":"bytes"},{"Name":"Cache-Control","Value":"max-age=31536000, immutable"},{"Name":"Content-Encoding","Value":"br"},{"Name":"Content-Length","Value":"1678"},{"Name":"Content-Type","Value":"text/html"},{"Name":"ETag","Value":"\"QiWVh7IDlSb8nQ87f91s477yMGDe+utT8LzNVvw5FGU=\""},{"Name":"ETag","Value":"W/\"pWm+fN/is4micNdENwr0wx/dA0spIlXveXcAxrtz/iw=\""},{"Name":"Last-Modified","Value":"Sun, 22 Feb 2026 22:11:56 GMT"},{"Name":"Vary","Value":"Content-Encoding"}],"EndpointProperties":[{"Name":"fingerprint","Value":"zukzedamjp"},{"Name":"integrity","Value":"sha256-pWm+fN/is4micNdENwr0wx/dA0spIlXveXcAxrtz/iw="},{"Name":"label","Value":"mobile.html"}]},{"Route":"mobile.zukzedamjp.html","AssetFile":"mobile.html.gz","Selectors":[{"Name":"Content-Encoding","Value":"gzip","Quality":"0.000477326969"}],"ResponseHeaders":[{"Name":"Accept-Ranges","Value":"bytes"},{"Name":"Cache-Control","Value":"max-age=31536000, immutable"},{"Name":"Content-Encoding","Value":"gzip"},{"Name":"Content-Length","Value":"2094"},{"Name":"Content-Type","Value":"text/html"},{"Name":"ETag","Value":"\"ju50gbErYLVdE+j0m9rGfYIyptkRc/4z3Rc+OiP2Sx0=\""},{"Name":"ETag","Value":"W/\"pWm+fN/is4micNdENwr0wx/dA0spIlXveXcAxrtz/iw=\""},{"Name":"Last-Modified","Value":"Sun, 22 Feb 2026 21:45:45 GMT"},{"Name":"Vary","Value":"Content-Encoding"}],"EndpointProperties":[{"Name":"fingerprint","Value":"zukzedamjp"},{"Name":"integrity","Value":"sha256-pWm+fN/is4micNdENwr0wx/dA0spIlXveXcAxrtz/iw="},{"Name":"label","Value":"mobile.html"}]},{"Route":"mobile.zukzedamjp.html","AssetFile":"mobile.html","Selectors":[],"ResponseHeaders":[{"Name":"Accept-Ranges","Value":"bytes"},{"Name":"Cache-Control","Value":"max-age=31536000, immutable"},{"Name":"Content-Length","Value":"8401"},{"Name":"Content-Type","Value":"text/html"},{"Name":"ETag","Value":"\"pWm+fN/is4micNdENwr0wx/dA0spIlXveXcAxrtz/iw=\""},{"Name":"Last-Modified","Value":"Sun, 22 Feb 2026 21:45:08 GMT"}],"EndpointProperties":[{"Name":"fingerprint","Value":"zukzedamjp"},{"Name":"integrity","Value":"sha256-pWm+fN/is4micNdENwr0wx/dA0spIlXveXcAxrtz/iw="},{"Name":"label","Value":"mobile.html"}]},{"Route":"mobile.zukzedamjp.html.br","AssetFile":"mobile.html.br","Selectors":[],"ResponseHeaders":[{"Name":"Accept-Ranges","Value":"bytes"},{"Name":"Cache-Control","Value":"max-age=31536000, immutable"},{"Name":"Content-Encoding","Value":"br"},{"Name":"Content-Length","Value":"1678"},{"Name":"Content-Type","Value":"text/html"},{"Name":"ETag","Value":"\"QiWVh7IDlSb8nQ87f91s477yMGDe+utT8LzNVvw5FGU=\""},{"Name":"Last-Modified","Value":"Sun, 22 Feb 2026 22:11:56 GMT"},{"Name":"Vary","Value":"Content-Encoding"}],"EndpointProperties":[{"Name":"fingerprint","Value":"zukzedamjp"},{"Name":"integrity","Value":"sha256-QiWVh7IDlSb8nQ87f91s477yMGDe+utT8LzNVvw5FGU="},{"Name":"label","Value":"mobile.html.br"}]},{"Route":"mobile.zukzedamjp.html.gz","AssetFile":"mobile.html.gz","Selectors":[],"ResponseHeaders":[{"Name":"Accept-Ranges","Value":"bytes"},{"Name":"Cache-Control","Value":"max-age=31536000, immutable"},{"Name":"Content-Encoding","Value":"gzip"},{"Name":"Content-Length","Value":"2094"},{"Name":"Content-Type","Value":"text/html"},{"Name":"ETag","Value":"\"ju50gbErYLVdE+j0m9rGfYIyptkRc/4z3Rc+OiP2Sx0=\""},{"Name":"Last-Modified","Value":"Sun, 22 Feb 2026 21:45:45 GMT"},{"Name":"Vary","Value":"Content-Encoding"}],"EndpointProperties":[{"Name":"fingerprint","Value":"zukzedamjp"},{"Name":"integrity","Value":"sha256-ju50gbErYLVdE+j0m9rGfYIyptkRc/4z3Rc+OiP2Sx0="},{"Name":"label","Value":"mobile.html.gz"}]},{"Route":"questionnaires.js","AssetFile":"questionnaires.js.br","Selectors":[{"Name":"Content-Encoding","Value":"br","Quality":"0.000486854917"}],"ResponseHeaders":[{"Name":"Accept-Ranges","Value":"bytes"},{"Name":"Cache-Control","Value":"no-cache"},{"Name":"Content-Encoding","Value":"br"},{"Name":"Content-Length","Value":"2053"},{"Name":"Content-Type","Value":"text/javascript"},{"Name":"ETag","Value":"\"x8/qqKiR5Akgg8nKR21OekS442iXdzQHbJDDrv0+K4k=\""},{"Name":"ETag","Value":"W/\"PQKp60ix4L1lAxZ2U/8L1OTAqhHnPFKN9XGwjuaQIgE=\""},{"Name":"Last-Modified","Value":"Sun, 22 Feb 2026 22:11:56 GMT"},{"Name":"Vary","Value":"Content-Encoding"}],"EndpointProperties":[{"Name":"integrity","Value":"sha256-PQKp60ix4L1lAxZ2U/8L1OTAqhHnPFKN9XGwjuaQIgE="}]},{"Route":"questionnaires.js","AssetFile":"questionnaires.js.gz","Selectors":[{"Name":"Content-Encoding","Value":"gzip","Quality":"0.000396353547"}],"ResponseHeaders":[{"Name":"Accept-Ranges","Value":"bytes"},{"Name":"Cache-Control","Value":"no-cache"},{"Name":"Content-Encoding","Value":"gzip"},{"Name":"Content-Length","Value":"2522"},{"Name":"Content-Type","Value":"text/javascript"},{"Name":"ETag","Value":"\"ITlxx8s5M8uvFdbaGKghq81pnPVy/NnGarb9IaQfveA=\""},{"Name":"ETag","Value":"W/\"PQKp60ix4L1lAxZ2U/8L1OTAqhHnPFKN9XGwjuaQIgE=\""},{"Name":"Last-Modified","Value":"Sun, 22 Feb 2026 21:45:45 GMT"},{"Name":"Vary","Value":"Content-Encoding"}],"EndpointProperties":[{"Name":"integrity","Value":"sha256-PQKp60ix4L1lAxZ2U/8L1OTAqhHnPFKN9XGwjuaQIgE="}]},{"Route":"questionnaires.js","AssetFile":"questionnaires.js","Selectors":[],"ResponseHeaders":[{"Name":"Accept-Ranges","Value":"bytes"},{"Name":"Cache-Control","Value":"no-cache"},{"Name":"Content-Length","Value":"9119"},{"Name":"Content-Type","Value":"text/javascript"},{"Name":"ETag","Value":"\"PQKp60ix4L1lAxZ2U/8L1OTAqhHnPFKN9XGwjuaQIgE=\""},{"Name":"Last-Modified","Value":"Sun, 22 Feb 2026 21:38:54 GMT"}],"EndpointProperties":[{"Name":"integrity","Value":"sha256-PQKp60ix4L1lAxZ2U/8L1OTAqhHnPFKN9XGwjuaQIgE="}]},{"Route":"questionnaires.js.br","AssetFile":"questionnaires.js.br","Selectors":[],"ResponseHeaders":[{"Name":"Accept-Ranges","Value":"bytes"},{"Name":"Cache-Control","Value":"no-cache"},{"Name":"Content-Encoding","Value":"br"},{"Name":"Content-Length","Value":"2053"},{"Name":"Content-Type","Value":"text/javascript"},{"Name":"ETag","Value":"\"x8/qqKiR5Akgg8nKR21OekS442iXdzQHbJDDrv0+K4k=\""},{"Name":"Last-Modified","Value":"Sun, 22 Feb 2026 22:11:56 GMT"},{"Name":"Vary","Value":"Content-Encoding"}],"EndpointProperties":[{"Name":"integrity","Value":"sha256-x8/qqKiR5Akgg8nKR21OekS442iXdzQHbJDDrv0+K4k="}]},{"Route":"questionnaires.js.gz","AssetFile":"questionnaires.js.gz","Selectors":[],"ResponseHeaders":[{"Name":"Accept-Ranges","Value":"bytes"},{"Name":"Cache-Control","Value":"no-cache"},{"Name":"Content-Encoding","Value":"gzip"},{"Name":"Content-Length","Value":"2522"},{"Name":"Content-Type","Value":"text/javascript"},{"Name":"ETag","Value":"\"ITlxx8s5M8uvFdbaGKghq81pnPVy/NnGarb9IaQfveA=\""},{"Name":"Last-Modified","Value":"Sun, 22 Feb 2026 21:45:45 GMT"},{"Name":"Vary","Value":"Content-Encoding"}],"EndpointProperties":[{"Name":"integrity","Value":"sha256-ITlxx8s5M8uvFdbaGKghq81pnPVy/NnGarb9IaQfveA="}]},{"Route":"questionnaires.l6hh5bihmk.js","AssetFile":"questionnaires.js.br","Selectors":[{"Name":"Content-Encoding","Value":"br","Quality":"0.000486854917"}],"ResponseHeaders":[{"Name":"Accept-Ranges","Value":"bytes"},{"Name":"Cache-Control","Value":"max-age=31536000, immutable"},{"Name":"Content-Encoding","Value":"br"},{"Name":"Content-Length","Value":"2053"},{"Name":"Content-Type","Value":"text/javascript"},{"Name":"ETag","Value":"\"x8/qqKiR5Akgg8nKR21OekS442iXdzQHbJDDrv0+K4k=\""},{"Name":"ETag","Value":"W/\"PQKp60ix4L1lAxZ2U/8L1OTAqhHnPFKN9XGwjuaQIgE=\""},{"Name":"Last-Modified","Value":"Sun, 22 Feb 2026 22:11:56 GMT"},{"Name":"Vary","Value":"Content-Encoding"}],"EndpointProperties":[{"Name":"fingerprint","Value":"l6hh5bihmk"},{"Name":"integrity","Value":"sha256-PQKp60ix4L1lAxZ2U/8L1OTAqhHnPFKN9XGwjuaQIgE="},{"Name":"label","Value":"questionnaires.js"}]},{"Route":"questionnaires.l6hh5bihmk.js","AssetFile":"questionnaires.js.gz","Selectors":[{"Name":"Content-Encoding","Value":"gzip","Quality":"0.000396353547"}],"ResponseHeaders":[{"Name":"Accept-Ranges","Value":"bytes"},{"Name":"Cache-Control","Value":"max-age=31536000, immutable"},{"Name":"Content-Encoding","Value":"gzip"},{"Name":"Content-Length","Value":"2522"},{"Name":"Content-Type","Value":"text/javascript"},{"Name":"ETag","Value":"\"ITlxx8s5M8uvFdbaGKghq81pnPVy/NnGarb9IaQfveA=\""},{"Name":"ETag","Value":"W/\"PQKp60ix4L1lAxZ2U/8L1OTAqhHnPFKN9XGwjuaQIgE=\""},{"Name":"Last-Modified","Value":"Sun, 22 Feb 2026 21:45:45 GMT"},{"Name":"Vary","Value":"Content-Encoding"}],"EndpointProperties":[{"Name":"fingerprint","Value":"l6hh5bihmk"},{"Name":"integrity","Value":"sha256-PQKp60ix4L1lAxZ2U/8L1OTAqhHnPFKN9XGwjuaQIgE="},{"Name":"label","Value":"questionnaires.js"}]},{"Route":"questionnaires.l6hh5bihmk.js","AssetFile":"questionnaires.js","Selectors":[],"ResponseHeaders":[{"Name":"Accept-Ranges","Value":"bytes"},{"Name":"Cache-Control","Value":"max-age=31536000, immutable"},{"Name":"Content-Length","Value":"9119"},{"Name":"Content-Type","Value":"text/javascript"},{"Name":"ETag","Value":"\"PQKp60ix4L1lAxZ2U/8L1OTAqhHnPFKN9XGwjuaQIgE=\""},{"Name":"Last-Modified","Value":"Sun, 22 Feb 2026 21:38:54 GMT"}],"EndpointProperties":[{"Name":"fingerprint","Value":"l6hh5bihmk"},{"Name":"integrity","Value":"sha256-PQKp60ix4L1lAxZ2U/8L1OTAqhHnPFKN9XGwjuaQIgE="},{"Name":"label","Value":"questionnaires.js"}]},{"Route":"questionnaires.l6hh5bihmk.js.br","AssetFile":"questionnaires.js.br","Selectors":[],"ResponseHeaders":[{"Name":"Accept-Ranges","Value":"bytes"},{"Name":"Cache-Control","Value":"max-age=31536000, immutable"},{"Name":"Content-Encoding","Value":"br"},{"Name":"Content-Length","Value":"2053"},{"Name":"Content-Type","Value":"text/javascript"},{"Name":"ETag","Value":"\"x8/qqKiR5Akgg8nKR21OekS442iXdzQHbJDDrv0+K4k=\""},{"Name":"Last-Modified","Value":"Sun, 22 Feb 2026 22:11:56 GMT"},{"Name":"Vary","Value":"Content-Encoding"}],"EndpointProperties":[{"Name":"fingerprint","Value":"l6hh5bihmk"},{"Name":"integrity","Value":"sha256-x8/qqKiR5Akgg8nKR21OekS442iXdzQHbJDDrv0+K4k="},{"Name":"label","Value":"questionnaires.js.br"}]},{"Route":"questionnaires.l6hh5bihmk.js.gz","AssetFile":"questionnaires.js.gz","Selectors":[],"ResponseHeaders":[{"Name":"Accept-Ranges","Value":"bytes"},{"Name":"Cache-Control","Value":"max-age=31536000, immutable"},{"Name":"Content-Encoding","Value":"gzip"},{"Name":"Content-Length","Value":"2522"},{"Name":"Content-Type","Value":"text/javascript"},{"Name":"ETag","Value":"\"ITlxx8s5M8uvFdbaGKghq81pnPVy/NnGarb9IaQfveA=\""},{"Name":"Last-Modified","Value":"Sun, 22 Feb 2026 21:45:45 GMT"},{"Name":"Vary","Value":"Content-Encoding"}],"EndpointProperties":[{"Name":"fingerprint","Value":"l6hh5bihmk"},{"Name":"integrity","Value":"sha256-ITlxx8s5M8uvFdbaGKghq81pnPVy/NnGarb9IaQfveA="},{"Name":"label","Value":"questionnaires.js.gz"}]}]}