﻿{
    "message":  "Scan terminé",
    "unreadOnly":  false,
    "daysBack":  30,
    "totalEmails":  24,
    "ingested":  0,
    "duplicates":  24,
    "fieldsCaptured":  [
                           "from",
                           "to",
                           "cc",
                           "bcc",
                           "replyTo",
                           "subject",
                           "messageId",
                           "occurredAt",
                           "bodyText",
                           "bodyHtml",
                           "attachments",
                           "extracted.senderName",
                           "extracted.phone",
                           "extracted.address",
                           "checksum",
                           "requiresAttention"
                       ],
    "exploitation":  {
                         "withPhone":  0,
                         "withAddress":  8,
                         "withAttachments":  2,
                         "clientsCreated":  0,
                         "requiresAttention":  0
                     },
    "linesPreviewCount":  24,
    "linesPreview":  [
                         {
                             "status":  "duplicate",
                             "occurredAt":  "2026-01-23T17:45:06Z",
                             "from":  "Azure@promomail.microsoft.com",
                             "to":  "sarraboudjellal57@gmail.com",
                             "cc":  "",
                             "bcc":  "",
                             "replyTo":  "replies@microsoft.com",
                             "subject":  "Choose the right VMs for your needs and budget",
                             "messageId":  "AC70000000014513D4D50D0E083mscom_mkt_prod3@promomail.microsoft.com",
                             "checksum":  "5ACD94BE88ACDEAD1265217833759906FB874A374FD940422DB406BF4901C53D",
                             "hasAttachments":  false,
                             "attachmentNames":  [

                                                 ],
                             "bodyLength":  102192,
                             "extractedPhone":  null,
                             "extractedAddress":  "Text {font-size:10px !important;}",
                             "normalizedSenderName":  "Microsoft Azure",
                             "eventId":  "f3f1cfec-c968-4feb-9198-67b2074d78bf"
                         },
                         {
                             "status":  "duplicate",
                             "occurredAt":  "2026-01-23T18:52:49Z",
                             "from":  "Azure@promomail.microsoft.com",
                             "to":  "sarraboudjellal57@gmail.com",
                             "cc":  "",
                             "bcc":  "",
                             "replyTo":  "replies@microsoft.com",
                             "subject":  "Learn how to host a web app in Azure",
                             "messageId":  "AC7000000001451746D50D0E1AFmscom_mkt_prod3@promomail.microsoft.com",
                             "checksum":  "BCB8C283F74D7B2075930F011AEA71AADCECD14CC94E6248E9CA2F55F5539A72",
                             "hasAttachments":  false,
                             "attachmentNames":  [

                                                 ],
                             "bodyLength":  99568,
                             "extractedPhone":  null,
                             "extractedAddress":  "Text {font-size:10px !important;}",
                             "normalizedSenderName":  "Microsoft Azure",
                             "eventId":  "143a9441-e5d9-4f59-8b79-ab1b5c0f724b"
                         },
                         {
                             "status":  "duplicate",
                             "occurredAt":  "2026-01-24T04:26:46Z",
                             "from":  "Azure@promomail.microsoft.com",
                             "to":  "sarraboudjellal57@gmail.com",
                             "cc":  "",
                             "bcc":  "",
                             "replyTo":  "replies@microsoft.com",
                             "subject":  "Optimize performance, cost effectiveness, and more with Azure Advisor",
                             "messageId":  "AC7000000001453D69550D0DDB3mscom_mkt_prod3@promomail.microsoft.com",
                             "checksum":  "C5C09285ED4A5CB4F37434992CECF751D41AFA80D43E638779110ED6FBB27EB9",
                             "hasAttachments":  false,
                             "attachmentNames":  [

                                                 ],
                             "bodyLength":  48916,
                             "extractedPhone":  null,
                             "extractedAddress":  "-center td,.footer-address-center td p,.footer-address-center td p a{text-align:center !important;direction:ltr !important;}",
                             "normalizedSenderName":  "Microsoft Azure",
                             "eventId":  "0bacefd6-72f4-40b5-9e1c-704a4260800e"
                         },
                         {
                             "status":  "duplicate",
                             "occurredAt":  "2026-01-24T07:01:45Z",
                             "from":  "no-reply@redis.com",
                             "to":  "sarraboudjellal57@gmail.com",
                             "cc":  "",
                             "bcc":  "",
                             "replyTo":  "no-reply@redis.com",
                             "subject":  "Your free database will be deleted soon unless you take action now",
                             "messageId":  "1761697069.84481.1769238105589@sm-garantia-schedulers-email-9769765f-llvjx",
                             "checksum":  "9342A641FBA950A672C4E67DFC513D172D2DC446B0937E3FF7AA42B4D1786987",
                             "hasAttachments":  false,
                             "attachmentNames":  [

                                                 ],
                             "bodyLength":  23026,
                             "extractedPhone":  null,
                             "extractedAddress":  null,
                             "normalizedSenderName":  "Redis",
                             "eventId":  "0536300c-6769-40b6-b761-6c593e7a43c0"
                         },
                         {
                             "status":  "duplicate",
                             "occurredAt":  "2026-01-25T19:07:46Z",
                             "from":  "Azure@promomail.microsoft.com",
                             "to":  "sarraboudjellal57@gmail.com",
                             "cc":  "",
                             "bcc":  "",
                             "replyTo":  "replies@microsoft.com",
                             "subject":  "Get started with database services in Azure",
                             "messageId":  "AC7000000001459ADF950D1094Bmscom_mkt_prod3@promomail.microsoft.com",
                             "checksum":  "2CBBFEACE13F4E951CBC10AA23367F1B9DBFB861EA10DE8BA17D1D62AA99CE9F",
                             "hasAttachments":  false,
                             "attachmentNames":  [

                                                 ],
                             "bodyLength":  97660,
                             "extractedPhone":  null,
                             "extractedAddress":  "Text {font-size:10px !important;}",
                             "normalizedSenderName":  "Microsoft Azure",
                             "eventId":  "1ce71d93-d862-490a-b1c9-14f5b3f0f15c"
                         },
                         {
                             "status":  "duplicate",
                             "occurredAt":  "2026-01-26T05:16:49Z",
                             "from":  "OneDrive@infomails.microsoft.com",
                             "to":  "sarraboudjellal57@gmail.com",
                             "cc":  "",
                             "bcc":  "",
                             "replyTo":  "replies@microsoft.com",
                             "subject":  "Noubliez pas de sauvegarder vos appareils",
                             "messageId":  "AC700000000405CAC15269681DBmscom_mkt_prod126@infomails.microsoft.com",
                             "checksum":  "564DDA0057BDCBF6F1CE42E7057F11E2CB59B2CAD05AD4EA683F11D7C35C8613",
                             "hasAttachments":  false,
                             "attachmentNames":  [

                                                 ],
                             "bodyLength":  62605,
                             "extractedPhone":  null,
                             "extractedAddress":  "-center td,.footer-address-center td p,.footer-address-center td p a{text-align:center !important;direction:ltr !important;}",
                             "normalizedSenderName":  "OneDrive",
                             "eventId":  "8c40d13b-0ce8-4542-93b6-3b17eec037c0"
                         },
                         {
                             "status":  "duplicate",
                             "occurredAt":  "2026-01-26T19:42:04Z",
                             "from":  "account-security-noreply@accountprotection.microsoft.com",
                             "to":  "sarraboudjellal57@gmail.com",
                             "cc":  "",
                             "bcc":  "",
                             "replyTo":  "",
                             "subject":  "Votre code à usage unique",
                             "messageId":  "LVOT14AICSU4.DWGHOR6V4LIZ2@sn1pepf0003b6fc",
                             "checksum":  "EF0F9B4D32404AA8E5F5D5D089886B2E6305A63BF53D4EBD761F2C3229500C77",
                             "hasAttachments":  false,
                             "attachmentNames":  [

                                                 ],
                             "bodyLength":  544,
                             "extractedPhone":  null,
                             "extractedAddress":  null,
                             "normalizedSenderName":  "Équipe des comptes Microsoft",
                             "eventId":  "2a7b2881-408f-4e43-8496-f49903c9436b"
                         },
                         {
                             "status":  "duplicate",
                             "occurredAt":  "2026-01-26T19:46:00Z",
                             "from":  "account-security-noreply@accountprotection.microsoft.com",
                             "to":  "sarraboudjellal57@gmail.com",
                             "cc":  "",
                             "bcc":  "",
                             "replyTo":  "",
                             "subject":  "Votre code à usage unique",
                             "messageId":  "VRXK47BICSU4.R6DSCV32UYU12@ph1pepf0001735f",
                             "checksum":  "08F36C69DE5627F14E4442AB3A39BDCD7DA149942C644D1255A7863788FECDDE",
                             "hasAttachments":  false,
                             "attachmentNames":  [

                                                 ],
                             "bodyLength":  544,
                             "extractedPhone":  null,
                             "extractedAddress":  null,
                             "normalizedSenderName":  "Équipe des comptes Microsoft",
                             "eventId":  "2430134f-4f45-44a7-9aee-66bbc7ee9acd"
                         },
                         {
                             "status":  "duplicate",
                             "occurredAt":  "2026-01-27T07:02:32Z",
                             "from":  "no-reply@redis.com",
                             "to":  "sarraboudjellal57@gmail.com",
                             "cc":  "",
                             "bcc":  "",
                             "replyTo":  "no-reply@redis.com",
                             "subject":  "Your free database will be deleted soon unless you take action now",
                             "messageId":  "476609585.14937.1769497351668@sm-garantia-schedulers-email-fdd8758f5-mns7s",
                             "checksum":  "AFC483732DFBB8D6C44548722428DD7D3588A0CA854345BC59CC6C28B5C5CEB4",
                             "hasAttachments":  false,
                             "attachmentNames":  [

                                                 ],
                             "bodyLength":  23033,
                             "extractedPhone":  null,
                             "extractedAddress":  null,
                             "normalizedSenderName":  "Redis",
                             "eventId":  "172b209d-59b6-4ec3-b28b-ef0290936e7d"
                         },
                         {
                             "status":  "duplicate",
                             "occurredAt":  "2026-01-28T06:15:12Z",
                             "from":  "noreply-maintenance@redis.com",
                             "to":  "sarraboudjellal57@gmail.com",
                             "cc":  "",
                             "bcc":  "",
                             "replyTo":  "support@redis.com",
                             "subject":  "Redis Scheduled Maintenance",
                             "messageId":  "wFzd-quiSp6eqdh7-laQXw@geopod-ismtpd-25",
                             "checksum":  "92636C49ED2F04452665E97019E4E59768D8A0AFC9593DF402F5FA363F6F9847",
                             "hasAttachments":  false,
                             "attachmentNames":  [

                                                 ],
                             "bodyLength":  4255,
                             "extractedPhone":  null,
                             "extractedAddress":  null,
                             "normalizedSenderName":  "Redis",
                             "eventId":  "dfbd4cff-a241-4979-885b-cd9370126a8c"
                         },
                         {
                             "status":  "duplicate",
                             "occurredAt":  "2026-01-28T07:41:31Z",
                             "from":  "noreply-maintenance@redis.com",
                             "to":  "sarraboudjellal57@gmail.com",
                             "cc":  "",
                             "bcc":  "",
                             "replyTo":  "support@redis.com",
                             "subject":  "Redis Scheduled Maintenance",
                             "messageId":  "ca8K922tT42NVRdvpiCH9g@geopod-ismtpd-24",
                             "checksum":  "EEB4A5F976D2096E90168EB5C428EAFB7B8E89E7D930DEF2C032C38C79B1AFA8",
                             "hasAttachments":  false,
                             "attachmentNames":  [

                                                 ],
                             "bodyLength":  1810,
                             "extractedPhone":  null,
                             "extractedAddress":  null,
                             "normalizedSenderName":  "Redis",
                             "eventId":  "616ba573-11f5-4859-9402-0bb8d316675c"
                         },
                         {
                             "status":  "duplicate",
                             "occurredAt":  "2026-01-28T21:53:36Z",
                             "from":  "Azure@promomail.microsoft.com",
                             "to":  "sarraboudjellal57@gmail.com",
                             "cc":  "",
                             "bcc":  "",
                             "replyTo":  "replies@microsoft.com",
                             "subject":  "Build the cloud and AI skills that will bring your vision to life",
                             "messageId":  "AC7000000001466820450D14C72mscom_mkt_prod3@promomail.microsoft.com",
                             "checksum":  "EFFE841A61FB78ACB5C68583122F51C38F967BDBAC86ED5082C935E869B92ABB",
                             "hasAttachments":  false,
                             "attachmentNames":  [

                                                 ],
                             "bodyLength":  78587,
                             "extractedPhone":  null,
                             "extractedAddress":  "-center td,.footer-address-center td p,.footer-address-center td p a{text-align:center !important;direction:ltr !important;}",
                             "normalizedSenderName":  "Microsoft Azure",
                             "eventId":  "e4095ffc-0134-4c85-bbf4-8f5529da74f7"
                         },
                         {
                             "status":  "duplicate",
                             "occurredAt":  "2026-02-01T21:58:42Z",
                             "from":  "Azure@promomail.microsoft.com",
                             "to":  "sarraboudjellal57@gmail.com",
                             "cc":  "",
                             "bcc":  "",
                             "replyTo":  "replies@microsoft.com",
                             "subject":  "Get started developing generative AI applications",
                             "messageId":  "AC700000000147598CF50D19C21mscom_mkt_prod3@promomail.microsoft.com",
                             "checksum":  "D0A88D6D2E2D854536878B27F167D5E45DD8A99EDA104F1E025E86175576B457",
                             "hasAttachments":  false,
                             "attachmentNames":  [

                                                 ],
                             "bodyLength":  86223,
                             "extractedPhone":  null,
                             "extractedAddress":  "-center td,.footer-address-center td p,.footer-address-center td p a{text-align:center !important;direction:ltr !important;}",
                             "normalizedSenderName":  "Microsoft Azure",
                             "eventId":  "212f537d-82cc-4aca-a7b3-383e47c75840"
                         },
                         {
                             "status":  "duplicate",
                             "occurredAt":  "2026-02-01T22:00:54Z",
                             "from":  "no-reply@accounts.google.com",
                             "to":  "sarraboudjellal57@gmail.com",
                             "cc":  "",
                             "bcc":  "",
                             "replyTo":  "",
                             "subject":  "Security alert",
                             "messageId":  "Iyf1ILi4E4Ihn9cB3L-HKg@notifications.google.com",
                             "checksum":  "59E3AB6141F4686ADF393B467E57DB31C0BF7C3451145C53F1B987258B159C32",
                             "hasAttachments":  false,
                             "attachmentNames":  [

                                                 ],
                             "bodyLength":  699,
                             "extractedPhone":  null,
                             "extractedAddress":  null,
                             "normalizedSenderName":  "Google",
                             "eventId":  "bc5ac54d-3fd6-42a6-8ffb-aa0028cc7213"
                         },
                         {
                             "status":  "duplicate",
                             "occurredAt":  "2026-02-04T18:15:27Z",
                             "from":  "azure-noreply@microsoft.com",
                             "to":  "sarraboudjellal57@gmail.com",
                             "cc":  "",
                             "bcc":  "",
                             "replyTo":  "",
                             "subject":  "Action required: Upgrade your App Service apps to Node 22 LTS by 30 April 2026",
                             "messageId":  "20260204181527.38fd470a0fa8200f@azns.microsoft.com",
                             "checksum":  "A3471D7C3D9D7B3CBD119014CBA2DE24FB1A23A747E086A3256C6900FE8B8716",
                             "hasAttachments":  false,
                             "attachmentNames":  [

                                                 ],
                             "bodyLength":  12587,
                             "extractedPhone":  null,
                             "extractedAddress":  null,
                             "normalizedSenderName":  "Microsoft Azure",
                             "eventId":  "6ce17749-2375-487b-af56-2343333c6c9f"
                         },
                         {
                             "status":  "duplicate",
                             "occurredAt":  "2026-02-04T18:11:18Z",
                             "from":  "no-reply@accounts.google.com",
                             "to":  "sarraboudjellal57@gmail.com",
                             "cc":  "",
                             "bcc":  "",
                             "replyTo":  "",
                             "subject":  "Critical security alert",
                             "messageId":  "3SDEx2EONOdCKzxeKWfa8w@notifications.google.com",
                             "checksum":  "9D3486C300B13176DE0D0063B1430A55B26025180D91FDB0B3A5B38FF69C8249",
                             "hasAttachments":  false,
                             "attachmentNames":  [

                                                 ],
                             "bodyLength":  788,
                             "extractedPhone":  null,
                             "extractedAddress":  null,
                             "normalizedSenderName":  "Google",
                             "eventId":  "a1113cf3-0c3e-4a29-9b5f-965283416751"
                         },
                         {
                             "status":  "duplicate",
                             "occurredAt":  "2026-02-09T13:04:37Z",
                             "from":  "CloudPlatform-noreply@google.com",
                             "to":  "sarraboudjellal57@gmail.com",
                             "cc":  "",
                             "bcc":  "",
                             "replyTo":  "CloudPlatform-noreply@google.com",
                             "subject":  "[Product Update] Automatic enablement of new OpenTelemetry ingestion API",
                             "messageId":  "8f643ad0fa234fd4cfc0601cc2237038787ad524-20392635-111816869@google.com",
                             "checksum":  "665D9665C3C3AFE3F7B96FEA5954EC3E42D677EDF92CD1F75100052DCF521D36",
                             "hasAttachments":  true,
                             "attachmentNames":  [
                                                     "61239316-fb0c-11f0-8c1d-883d24f59680.csv"
                                                 ],
                             "bodyLength":  2063,
                             "extractedPhone":  null,
                             "extractedAddress":  null,
                             "normalizedSenderName":  "Google Cloud",
                             "eventId":  "5042edbb-0829-449e-b6c3-b88b3846a676"
                         },
                         {
                             "status":  "duplicate",
                             "occurredAt":  "2026-02-12T04:14:24Z",
                             "from":  "CloudPlatform-noreply@google.com",
                             "to":  "sarraboudjellal57@gmail.com",
                             "cc":  "",
                             "bcc":  "",
                             "replyTo":  "CloudPlatform-noreply@google.com",
                             "subject":  "[Action Advised] Review Google Cloud credential security best practices",
                             "messageId":  "c2b52dc01d46f919abce785c026e3ff62a6a24d7-20386348-111808576@google.com",
                             "checksum":  "9D84B93F1F156F466B060CB5D2534EE79084F775F057AC4726C07409DF3EEFAD",
                             "hasAttachments":  false,
                             "attachmentNames":  [

                                                 ],
                             "bodyLength":  2836,
                             "extractedPhone":  null,
                             "extractedAddress":  "es, HTTP referrers, or bundle IDs).",
                             "normalizedSenderName":  "Google Cloud",
                             "eventId":  "b83baf0a-7df5-498a-99da-3caa174bb3b4"
                         },
                         {
                             "status":  "duplicate",
                             "occurredAt":  "2026-02-12T19:51:02Z",
                             "from":  "search-api@brave.com",
                             "to":  "sarraboudjellal57@gmail.com",
                             "cc":  "",
                             "bcc":  "",
                             "replyTo":  "searchapi-noreply@brave.com",
                             "subject":  "New ToS \u0026 plans for the Brave Search API",
                             "messageId":  "0101019c53682fac-6fe8d2be-4a50-403d-998c-807739208ab3-000000@us-west-2.amazonses.com",
                             "checksum":  "05614F866C2AC15E0B02492E57A18B43ACA6883EBDBD9E394AE2C38A3D126F34",
                             "hasAttachments":  false,
                             "attachmentNames":  [

                                                 ],
                             "bodyLength":  10222,
                             "extractedPhone":  null,
                             "extractedAddress":  null,
                             "normalizedSenderName":  "Brave Search API",
                             "eventId":  "e6c49363-f9d8-4bad-8a8e-4dfcf26ef3ca"
                         },
                         {
                             "status":  "duplicate",
                             "occurredAt":  "2026-02-22T02:49:30Z",
                             "from":  "no-reply@accounts.google.com",
                             "to":  "sarraboudjellal57@gmail.com",
                             "cc":  "",
                             "bcc":  "",
                             "replyTo":  "",
                             "subject":  "Security alert",
                             "messageId":  "TxeVTvNlk9KwHT8HEW8xww@notifications.google.com",
                             "checksum":  "0E56BD359059915A6F19B48B9C1C6E81B21D80B4EEDD3B2CA9534D810DF11CE5",
                             "hasAttachments":  false,
                             "attachmentNames":  [

                                                 ],
                             "bodyLength":  680,
                             "extractedPhone":  null,
                             "extractedAddress":  null,
                             "normalizedSenderName":  "Google",
                             "eventId":  "7ce90a87-5d63-402b-8b75-acfb3e99e0b0"
                         },
                         {
                             "status":  "duplicate",
                             "occurredAt":  "2026-02-22T02:49:42Z",
                             "from":  "no-reply@accounts.google.com",
                             "to":  "sarraboudjellal57@gmail.com",
                             "cc":  "",
                             "bcc":  "",
                             "replyTo":  "",
                             "subject":  "Security alert",
                             "messageId":  "umxmRfM_k-Q6pwjixzlmJQ@notifications.google.com",
                             "checksum":  "DCF21A01D8111696649C058862F6F405EA3C678117715A654645A976E62F7AF9",
                             "hasAttachments":  false,
                             "attachmentNames":  [

                                                 ],
                             "bodyLength":  700,
                             "extractedPhone":  null,
                             "extractedAddress":  null,
                             "normalizedSenderName":  "Google",
                             "eventId":  "95057a85-f4fe-442e-ada2-cbd046a0246e"
                         },
                         {
                             "status":  "duplicate",
                             "occurredAt":  "2026-02-22T03:52:10Z",
                             "from":  "morosidibepro@gmail.com",
                             "to":  "sarraboudjellal57@gmail.com",
                             "cc":  "",
                             "bcc":  "",
                             "replyTo":  "",
                             "subject":  "Fwd: OQTF",
                             "messageId":  "CAM13VXiCWfqUWW4TJ+zRycJbTrGjezMxT67QsWv0QWHYRoL8LQ@mail.gmail.com",
                             "checksum":  "9F6807E0E5B30AD4951AD277595AA5DCDCBD4C9E5383BB4EDA69E26B96D6E5B9",
                             "hasAttachments":  true,
                             "attachmentNames":  [
                                                     "Exemple_OQTF_PreRempli.pdf"
                                                 ],
                             "bodyLength":  169,
                             "extractedPhone":  null,
                             "extractedAddress":  null,
                             "normalizedSenderName":  "moro sidibe",
                             "eventId":  "851b91e8-95db-40c8-bc02-a1ec9cfce922"
                         },
                         {
                             "status":  "duplicate",
                             "occurredAt":  "2026-02-22T04:23:43Z",
                             "from":  "sarraboudjellal57@gmail.com",
                             "to":  "sarraboudjellal57@gmail.com",
                             "cc":  "",
                             "bcc":  "",
                             "replyTo":  "sarraboudjellal57@gmail.com",
                             "subject":  "[MemoLib] Demande schéma data - MemoLib Test",
                             "messageId":  "8FN3SPXKKSU4.MUC0IFL9M7IL2@moroadmin",
                             "checksum":  "9BA6A9A39784B7F6510507AE2ADEDDB08C7A80759E10CBE5F35520B6E1CD6387",
                             "hasAttachments":  false,
                             "attachmentNames":  [

                                                 ],
                             "bodyLength":  394,
                             "extractedPhone":  null,
                             "extractedAddress":  null,
                             "normalizedSenderName":  "sarraboudjellal57",
                             "eventId":  "f332bfd7-6382-41a6-b56f-6f44536875e6"
                         },
                         {
                             "status":  "duplicate",
                             "occurredAt":  "2026-02-22T05:26:16Z",
                             "from":  "sarraboudjellal57@gmail.com",
                             "to":  "sarraboudjellal57@gmail.com",
                             "cc":  "",
                             "bcc":  "",
                             "replyTo":  "sarraboudjellal57@gmail.com",
                             "subject":  "[MemoLib] Demande schéma data - MemoLib",
                             "messageId":  "DJ7HHYELKSU4.TNQD1EURQCZT2@moroadmin",
                             "checksum":  "E766DB7723587002256BE8B0A41E0578A4807E58B4BFFDAF50D419ED3E4A4EEE",
                             "hasAttachments":  false,
                             "attachmentNames":  [

                                                 ],
                             "bodyLength":  398,
                             "extractedPhone":  null,
                             "extractedAddress":  null,
                             "normalizedSenderName":  "sarraboudjellal57",
                             "eventId":  "0c3bb3dd-0771-4895-9de7-3ed07ad4e4b9"
                         }
                     ]
}
