{"ContentRoots":["C:\\Users\\moros\\Desktop\\memolib\\MemoLib.Api\\wwwroot\\","C:\\Users\\moros\\Desktop\\memolib\\MemoLib.Api\\obj\\Debug\\net9.0\\compressed\\"],"Root":{"Children":{"_demo_extracted.js":{"Children":null,"Asset":{"ContentRootIndex":0,"SubPath":"_demo_extracted.js"},"Patterns":null},"_demo_extracted.js.gz":{"Children":null,"Asset":{"ContentRootIndex":1,"SubPath":"arraty8i1g-icghc6amfy.gz"},"Patterns":null},"_demo_secure_extracted.js":{"Children":null,"Asset":{"ContentRootIndex":0,"SubPath":"_demo_secure_extracted.js"},"Patterns":null},"_demo_secure_extracted.js.gz":{"Children":null,"Asset":{"ContentRootIndex":1,"SubPath":"ql6bfte2k1-mil7fuquii.gz"},"Patterns":null},"advanced-features.js":{"Children":null,"Asset":{"ContentRootIndex":0,"SubPath":"advanced-features.js"},"Patterns":null},"advanced-features.js.gz":{"Children":null,"Asset":{"ContentRootIndex":1,"SubPath":"p0du2ykl08-5mn7jz4poe.gz"},"Patterns":null},"attachments.html":{"Children":null,"Asset":{"ContentRootIndex":0,"SubPath":"attachments.html"},"Patterns":null},"attachments.html.gz":{"Children":null,"Asset":{"ContentRootIndex":1,"SubPath":"ocwp0hvtsq-5gzq8h4hgl.gz"},"Patterns":null},"auto-demo.js":{"Children":null,"Asset":{"ContentRootIndex":0,"SubPath":"auto-demo.js"},"Patterns":null},"auto-demo.js.gz":{"Children":null,"Asset":{"ContentRootIndex":1,"SubPath":"1pg6t2b3gk-j23bb9j9px.gz"},"Patterns":null},"contact-secure.html":{"Children":null,"Asset":{"ContentRootIndex":0,"SubPath":"contact-secure.html"},"Patterns":null},"contact-secure.html.gz":{"Children":null,"Asset":{"ContentRootIndex":1,"SubPath":"pakq6k40ba-73l1nwiqgi.gz"},"Patterns":null},"contact.html":{"Children":null,"Asset":{"ContentRootIndex":0,"SubPath":"contact.html"},"Patterns":null},"contact.html.gz":{"Children":null,"Asset":{"ContentRootIndex":1,"SubPath":"zo7qyfk32x-z5ue9xk5ks.gz"},"Patterns":null},"dashboard.html":{"Children":null,"Asset":{"ContentRootIndex":0,"SubPath":"dashboard.html"},"Patterns":null},"dashboard.html.gz":{"Children":null,"Asset":{"ContentRootIndex":1,"SubPath":"nkwpf9qusk-141o6kts9i.gz"},"Patterns":null},"demo-secure.html":{"Children":null,"Asset":{"ContentRootIndex":0,"SubPath":"demo-secure.html"},"Patterns":null},"demo-secure.html.gz":{"Children":null,"Asset":{"ContentRootIndex":1,"SubPath":"1jkl28omtf-jfygx7pzrb.gz"},"Patterns":null},"demo-vente.html":{"Children":null,"Asset":{"ContentRootIndex":0,"SubPath":"demo-vente.html"},"Patterns":null},"demo-vente.html.gz":{"Children":null,"Asset":{"ContentRootIndex":1,"SubPath":"hfgqatxlp8-i5pblm7esu.gz"},"Patterns":null},"demo.html":{"Children":null,"Asset":{"ContentRootIndex":0,"SubPath":"demo.html"},"Patterns":null},"demo.html.gz":{"Children":null,"Asset":{"ContentRootIndex":1,"SubPath":"w0cxdt89a5-hrynh1jzab.gz"},"Patterns":null},"email-setup.html":{"Children":null,"Asset":{"ContentRootIndex":0,"SubPath":"email-setup.html"},"Patterns":null},"email-setup.html.gz":{"Children":null,"Asset":{"ContentRootIndex":1,"SubPath":"wzvvd01oc5-zg6aawx2c6.gz"},"Patterns":null},"export.html":{"Children":null,"Asset":{"ContentRootIndex":0,"SubPath":"export.html"},"Patterns":null},"export.html.gz":{"Children":null,"Asset":{"ContentRootIndex":1,"SubPath":"hrmkowks9o-im4fh6hz3x.gz"},"Patterns":null},"gdpr-compliance.html":{"Children":null,"Asset":{"ContentRootIndex":0,"SubPath":"gdpr-compliance.html"},"Patterns":null},"gdpr-compliance.html.gz":{"Children":null,"Asset":{"ContentRootIndex":1,"SubPath":"6t9rxjv6s1-70g0bsnd1i.gz"},"Patterns":null},"icon.svg":{"Children":null,"Asset":{"ContentRootIndex":0,"SubPath":"icon.svg"},"Patterns":null},"icon.svg.gz":{"Children":null,"Asset":{"ContentRootIndex":1,"SubPath":"xwjyasi83z-oa6miucfke.gz"},"Patterns":null},"index.html":{"Children":null,"Asset":{"ContentRootIndex":0,"SubPath":"index.html"},"Patterns":null},"index.html.gz":{"Children":null,"Asset":{"ContentRootIndex":1,"SubPath":"hjud1rjs2k-lys7czuema.gz"},"Patterns":null},"manifest.webmanifest":{"Children":null,"Asset":{"ContentRootIndex":0,"SubPath":"manifest.webmanifest"},"Patterns":null},"manifest.webmanifest.gz":{"Children":null,"Asset":{"ContentRootIndex":1,"SubPath":"ljuovs8nn7-pnvkup66ww.gz"},"Patterns":null},"mobile.html":{"Children":null,"Asset":{"ContentRootIndex":0,"SubPath":"mobile.html"},"Patterns":null},"mobile.html.gz":{"Children":null,"Asset":{"ContentRootIndex":1,"SubPath":"wca3kgk083-zukzedamjp.gz"},"Patterns":null},"questionnaires.js":{"Children":null,"Asset":{"ContentRootIndex":0,"SubPath":"questionnaires.js"},"Patterns":null},"questionnaires.js.gz":{"Children":null,"Asset":{"ContentRootIndex":1,"SubPath":"qawhs3xqlv-e2h5hu0di7.gz"},"Patterns":null},"team-management.html":{"Children":null,"Asset":{"ContentRootIndex":0,"SubPath":"team-management.html"},"Patterns":null},"team-management.html.gz":{"Children":null,"Asset":{"ContentRootIndex":1,"SubPath":"xrp69rm82t-cc84clh2cu.gz"},"Patterns":null},"team-module.js":{"Children":null,"Asset":{"ContentRootIndex":0,"SubPath":"team-module.js"},"Patterns":null},"team-module.js.gz":{"Children":null,"Asset":{"ContentRootIndex":1,"SubPath":"szy30eqdzy-z14bxtrwno.gz"},"Patterns":null}},"Asset":null,"Patterns":[{"ContentRootIndex":0,"Pattern":"**","Depth":0}]}}