{
  "colors": {
    "primary": {
      "50": "#eff6ff",
      "100": "#dbeafe",
      "200": "#bfdbfe",
      "300": "#93c5fd",
      "400": "#60a5fa",
      "500": "#3b82f6",
      "600": "#2563eb",
      "700": "#1d4ed8",
      "800": "#1e40af",
      "900": "#1e3a8a"
    },
    "slate": {
      "50": "#f8fafc",
      "100": "#f1f5f9",
      "200": "#e2e8f0",
      "300": "#cbd5e1",
      "400": "#94a3b8",
      "500": "#64748b",
      "600": "#475569",
      "700": "#334155",
      "800": "#1e293b",
      "900": "#0f172a"
    },
    "success": {
      "50": "#f0fdf4",
      "100": "#dcfce7",
      "500": "#22c55e",
      "600": "#16a34a",
      "700": "#15803d"
    },
    "warning": {
      "50": "#fffbeb",
      "100": "#fef3c7",
      "500": "#f59e0b",
      "600": "#d97706",
      "700": "#b45309"
    },
    "error": {
      "50": "#fef2f2",
      "100": "#fee2e2",
      "500": "#ef4444",
      "600": "#dc2626",
      "700": "#b91c1c"
    },
    "background": "#ffffff",
    "foreground": "#0f172a",
    "card": "#ffffff",
    "card-foreground": "#0f172a",
    "border": "#e2e8f0",
    "input": "#e2e8f0",
    "ring": "#3b82f6",
    "muted": "#f1f5f9",
    "muted-foreground": "#64748b"
  },
  "typography": {
    "fontFamily": {
      "sans": "Inter, system-ui, -apple-system, sans-serif",
      "mono": "JetBrains Mono, Consolas, monospace"
    },
    "fontSize": {
      "xs": [
        "0.75rem",
        {
          "lineHeight": "1rem"
        }
      ],
      "sm": [
        "0.875rem",
        {
          "lineHeight": "1.25rem"
        }
      ],
      "base": [
        "1rem",
        {
          "lineHeight": "1.5rem"
        }
      ],
      "lg": [
        "1.125rem",
        {
          "lineHeight": "1.75rem"
        }
      ],
      "xl": [
        "1.25rem",
        {
          "lineHeight": "1.75rem"
        }
      ],
      "2xl": [
        "1.5rem",
        {
          "lineHeight": "2rem"
        }
      ],
      "3xl": [
        "1.875rem",
        {
          "lineHeight": "2.25rem"
        }
      ],
      "4xl": [
        "2.25rem",
        {
          "lineHeight": "2.5rem"
        }
      ]
    },
    "fontWeight": {
      "normal": 400,
      "medium": 500,
      "semibold": 600,
      "bold": 700
    }
  },
  "spacing": {
    "0": "0px",
    "1": "0.25rem",
    "2": "0.5rem",
    "3": "0.75rem",
    "4": "1rem",
    "5": "1.25rem",
    "6": "1.5rem",
    "8": "2rem",
    "10": "2.5rem",
    "12": "3rem",
    "16": "4rem",
    "20": "5rem",
    "24": "6rem"
  },
  "borderRadius": {
    "none": "0",
    "sm": "0.125rem",
    "DEFAULT": "0.25rem",
    "md": "0.375rem",
    "lg": "0.5rem",
    "xl": "0.75rem",
    "2xl": "1rem",
    "full": "9999px"
  },
  "shadows": {
    "sm": "0 1px 2px 0 rgb(0 0 0 / 0.05)",
    "DEFAULT": "0 1px 3px 0 rgb(0 0 0 / 0.1), 0 1px 2px -1px rgb(0 0 0 / 0.1)",
    "md": "0 4px 6px -1px rgb(0 0 0 / 0.1), 0 2px 4px -2px rgb(0 0 0 / 0.1)",
    "lg": "0 10px 15px -3px rgb(0 0 0 / 0.1), 0 4px 6px -4px rgb(0 0 0 / 0.1)",
    "xl": "0 20px 25px -5px rgb(0 0 0 / 0.1), 0 8px 10px -6px rgb(0 0 0 / 0.1)"
  }
}