{
  "name": "ia-poste-manager",
  "version": "2.0.0",
  "description": "Assistant juridique digital CESEDA avec IA avancée",
  "private": true,
  "scripts": {
    "dev": "next dev",
    "build": "next build",
    "start": "next start",
    "lint": "next lint",
    "test": "jest",
    "test:watch": "jest --watch",
    "test:ci": "jest --ci --coverage",
    "test:integration": "jest __tests__/integration",
    "validate": "npx tsx scripts/validate-complete.ts",
    "db:generate": "prisma generate",
    "db:push": "prisma db push",
    "db:migrate": "prisma migrate dev",
    "db:reset": "prisma migrate reset",
    "db:seed": "npx tsx prisma/seed.ts",
    "ai:test": "npx tsx scripts/test-ollama.ts",
    "ai:workflow": "npx tsx scripts/test-ai-workflow.ts",
    "type-check": "tsc --noEmit"
  },
  "dependencies": {
    "@next-auth/prisma-adapter": "^1.0.7",
    "@prisma/client": "^5.7.1",
    "@radix-ui/react-avatar": "^1.0.4",
    "@radix-ui/react-dialog": "^1.0.5",
    "@radix-ui/react-dropdown-menu": "^2.0.6",
    "@radix-ui/react-label": "^2.0.2",
    "@radix-ui/react-select": "^2.0.0",
    "@radix-ui/react-slot": "^1.0.2",
    "@radix-ui/react-tabs": "^1.0.4",
    "class-variance-authority": "^0.7.0",
    "clsx": "^2.0.0",
    "lucide-react": "^0.294.0",
    "next": "14.0.4",
    "next-auth": "^4.24.5",
    "react": "^18",
    "react-dom": "^18",
    "tailwind-merge": "^2.2.0",
    "tailwindcss-animate": "^1.0.7"
  },
  "devDependencies": {
    "@types/jest": "^29.5.8",
    "@types/node": "^20",
    "@types/react": "^18",
    "@types/react-dom": "^18",
    "@typescript-eslint/eslint-plugin": "^6.13.1",
    "@typescript-eslint/parser": "^6.13.1",
    "autoprefixer": "^10.0.1",
    "eslint": "^8",
    "eslint-config-next": "14.0.4",
    "jest": "^29.7.0",
    "jest-environment-jsdom": "^29.7.0",
    "postcss": "^8",
    "prisma": "^5.7.1",
    "tailwindcss": "^3.3.0",
    "tsx": "^4.6.2",
    "typescript": "^5"
  },
  "engines": {
    "node": ">=18.0.0"
  },
  "keywords": [
    "juridique",
    "ceseda",
    "ia",
    "nextjs",
    "saas",
    "multi-tenant"
  ]
}