{
  "timestamp": "2026-01-27T14:34:00.467587",
  "version": "1.0",
  "stats": {
    "total": 33,
    "passed": 33,
    "failed": 0,
    "critical_failed": 0,
    "high_failed": 0,
    "compliance_rate": 100.0
  },
  "level": "🏆 NIVEAU A - CONFORME",
  "results": [
    {
      "category": "Authentification",
      "requirement": "AUTH-001: Hachage sécurisé des mots de passe",
      "description": "Les mots de passe doivent être hachés avec bcrypt/argon2/scrypt (coût ≥ 10)",
      "compliance": [
        "ISO 27001",
        "PCI-DSS",
        "OWASP ASVS"
      ],
      "severity": "CRITICAL",
      "passed": true,
      "recommendation": "Utiliser bcrypt avec cost ≥ 12 ou Argon2id"
    },
    {
      "category": "Authentification",
      "requirement": "AUTH-002: Politique de mots de passe forts",
      "description": "Mots de passe ≥ 12 caractères avec complexité",
      "compliance": [
        "ISO 27001",
        "ANSSI",
        "OWASP ASVS"
      ],
      "severity": "HIGH",
      "passed": true,
      "recommendation": "Implémenter validation: min 12 chars, majuscules, chiffres, symboles"
    },
    {
      "category": "Authentification",
      "requirement": "AUTH-003: Protection anti brute-force",
      "description": "Rate limiting et verrouillage de compte après échecs",
      "compliance": [
        "ISO 27001",
        "PCI-DSS",
        "OWASP ASVS"
      ],
      "severity": "CRITICAL",
      "passed": true,
      "recommendation": "Implémenter rate limiting: max 5 tentatives / 15 min, lockout 30 min"
    },
    {
      "category": "Authentification",
      "requirement": "AUTH-004: Authentification Multi-Facteurs (MFA)",
      "description": "MFA obligatoire pour les accès sensibles",
      "compliance": [
        "ISO 27001",
        "SOC 2 Type II",
        "PCI-DSS"
      ],
      "severity": "HIGH",
      "passed": true,
      "recommendation": "Implémenter TOTP (Google Authenticator) ou WebAuthn/FIDO2"
    },
    {
      "category": "Authentification",
      "requirement": "AUTH-005: Gestion sécurisée des sessions",
      "description": "Cookies HttpOnly, Secure, SameSite + timeout",
      "compliance": [
        "OWASP ASVS",
        "PCI-DSS"
      ],
      "severity": "HIGH",
      "passed": true,
      "recommendation": "Configurer: HttpOnly, Secure, SameSite=Strict, timeout 15-30 min"
    },
    {
      "category": "Chiffrement",
      "requirement": "CRYPT-001: Chiffrement au repos (AES-256)",
      "description": "Données sensibles chiffrées avec AES-256-GCM minimum",
      "compliance": [
        "ISO 27001",
        "PCI-DSS",
        "GDPR"
      ],
      "severity": "CRITICAL",
      "passed": true,
      "recommendation": "Utiliser AES-256-GCM avec gestion sécurisée des clés"
    },
    {
      "category": "Chiffrement",
      "requirement": "CRYPT-002: TLS 1.2+ en transit",
      "description": "Toutes les communications chiffrées en TLS 1.2 minimum",
      "compliance": [
        "ISO 27001",
        "PCI-DSS",
        "ANSSI"
      ],
      "severity": "CRITICAL",
      "passed": true,
      "recommendation": "Configurer TLS 1.3 préféré, TLS 1.2 minimum, désactiver TLS 1.0/1.1"
    },
    {
      "category": "Chiffrement",
      "requirement": "CRYPT-003: Gestion sécurisée des clés",
      "description": "Clés stockées dans vault/HSM, rotation périodique",
      "compliance": [
        "ISO 27001",
        "PCI-DSS",
        "SOC 2 Type II"
      ],
      "severity": "HIGH",
      "passed": true,
      "recommendation": "Utiliser AWS KMS/HashiCorp Vault, rotation tous les 90 jours"
    },
    {
      "category": "Chiffrement",
      "requirement": "CRYPT-004: Pas de secrets hardcodés",
      "description": "Aucun secret, clé API ou mot de passe dans le code",
      "compliance": [
        "ISO 27001",
        "SOC 2 Type II",
        "OWASP ASVS"
      ],
      "severity": "CRITICAL",
      "passed": true,
      "recommendation": "Utiliser variables d'environnement ou gestionnaire de secrets"
    },
    {
      "category": "Journalisation",
      "requirement": "LOG-001: Journalisation des événements de sécurité",
      "description": "Enregistrement des authentifications, accès, modifications",
      "compliance": [
        "ISO 27001",
        "SOC 2 Type II",
        "PCI-DSS",
        "GDPR"
      ],
      "severity": "CRITICAL",
      "passed": true,
      "recommendation": "Logger: login/logout, échecs auth, accès données sensibles, modifications"
    },
    {
      "category": "Journalisation",
      "requirement": "LOG-002: Protection des logs contre modification",
      "description": "Logs immuables avec vérification d'intégrité",
      "compliance": [
        "ISO 27001",
        "SOC 2 Type II",
        "PCI-DSS"
      ],
      "severity": "HIGH",
      "passed": true,
      "recommendation": "Utiliser stockage WORM ou signature cryptographique des logs"
    },
    {
      "category": "Journalisation",
      "requirement": "LOG-003: Politique de rétention des logs",
      "description": "Conservation des logs minimum 1 an (PCI-DSS: 1 an, SOC2: 7 ans)",
      "compliance": [
        "ISO 27001",
        "SOC 2 Type II",
        "PCI-DSS"
      ],
      "severity": "HIGH",
      "passed": true,
      "recommendation": "Configurer rétention: 1 an minimum, 7 ans pour données critiques"
    },
    {
      "category": "Journalisation",
      "requirement": "LOG-004: Pas de données sensibles dans les logs",
      "description": "Mots de passe, tokens, PII masqués dans les logs",
      "compliance": [
        "GDPR",
        "PCI-DSS",
        "OWASP ASVS"
      ],
      "severity": "HIGH",
      "passed": true,
      "recommendation": "Implémenter masquage automatique des données sensibles"
    },
    {
      "category": "GDPR",
      "requirement": "GDPR-001: Gestion du consentement",
      "description": "Consentement explicite avant collecte de données personnelles",
      "compliance": [
        "GDPR"
      ],
      "severity": "CRITICAL",
      "passed": true,
      "recommendation": "Implémenter formulaire de consentement avec cases non pré-cochées"
    },
    {
      "category": "GDPR",
      "requirement": "GDPR-002: Droit à l'effacement",
      "description": "Possibilité de supprimer toutes les données personnelles",
      "compliance": [
        "GDPR"
      ],
      "severity": "HIGH",
      "passed": true,
      "recommendation": "Implémenter suppression complète ou anonymisation des données"
    },
    {
      "category": "GDPR",
      "requirement": "GDPR-003: Portabilité des données",
      "description": "Export des données personnelles en format standard (JSON/CSV)",
      "compliance": [
        "GDPR"
      ],
      "severity": "MEDIUM",
      "passed": true,
      "recommendation": "Ajouter fonctionnalité d'export des données utilisateur"
    },
    {
      "category": "GDPR",
      "requirement": "GDPR-004: Minimisation des données",
      "description": "Collecter uniquement les données strictement nécessaires",
      "compliance": [
        "GDPR"
      ],
      "severity": "MEDIUM",
      "passed": true,
      "recommendation": "Revoir les formulaires pour limiter les champs obligatoires"
    },
    {
      "category": "Headers HTTP",
      "requirement": "HDR-001: Content-Security-Policy (CSP)",
      "description": "Protection contre XSS et injection de contenu",
      "compliance": [
        "OWASP ASVS",
        "ANSSI"
      ],
      "severity": "HIGH",
      "passed": true,
      "recommendation": "Configurer CSP strict avec nonces ou hashes"
    },
    {
      "category": "Headers HTTP",
      "requirement": "HDR-002: Strict-Transport-Security (HSTS)",
      "description": "Forcer HTTPS avec max-age ≥ 1 an",
      "compliance": [
        "OWASP ASVS",
        "ANSSI",
        "PCI-DSS"
      ],
      "severity": "CRITICAL",
      "passed": true,
      "recommendation": "HSTS: max-age=31536000; includeSubDomains; preload"
    },
    {
      "category": "Headers HTTP",
      "requirement": "HDR-003: X-Frame-Options",
      "description": "Protection contre le clickjacking",
      "compliance": [
        "OWASP ASVS",
        "ANSSI"
      ],
      "severity": "HIGH",
      "passed": true,
      "recommendation": "X-Frame-Options: DENY ou SAMEORIGIN"
    },
    {
      "category": "Headers HTTP",
      "requirement": "HDR-004: X-Content-Type-Options",
      "description": "Empêcher le MIME sniffing",
      "compliance": [
        "OWASP ASVS"
      ],
      "severity": "MEDIUM",
      "passed": true,
      "recommendation": "X-Content-Type-Options: nosniff"
    },
    {
      "category": "Headers HTTP",
      "requirement": "HDR-005: Referrer-Policy",
      "description": "Contrôler les informations du referrer",
      "compliance": [
        "OWASP ASVS",
        "GDPR"
      ],
      "severity": "MEDIUM",
      "passed": true,
      "recommendation": "Referrer-Policy: strict-origin-when-cross-origin"
    },
    {
      "category": "Validation",
      "requirement": "VAL-001: Protection SQL Injection",
      "description": "Requêtes paramétrées, pas de concaténation SQL",
      "compliance": [
        "OWASP ASVS",
        "PCI-DSS"
      ],
      "severity": "CRITICAL",
      "passed": true,
      "recommendation": "Utiliser ORM ou requêtes paramétrées exclusivement"
    },
    {
      "category": "Validation",
      "requirement": "VAL-002: Protection XSS",
      "description": "Échappement et sanitization de toutes les sorties",
      "compliance": [
        "OWASP ASVS"
      ],
      "severity": "CRITICAL",
      "passed": true,
      "recommendation": "Échapper toutes les sorties, utiliser CSP et DOMPurify"
    },
    {
      "category": "Validation",
      "requirement": "VAL-003: Protection CSRF",
      "description": "Tokens CSRF sur toutes les actions modifiantes",
      "compliance": [
        "OWASP ASVS"
      ],
      "severity": "HIGH",
      "passed": true,
      "recommendation": "Implémenter tokens CSRF synchronisés"
    },
    {
      "category": "Validation",
      "requirement": "VAL-004: Validation des uploads",
      "description": "Vérification type MIME, extension, taille des fichiers",
      "compliance": [
        "OWASP ASVS"
      ],
      "severity": "HIGH",
      "passed": true,
      "recommendation": "Valider: extension whitelist, magic bytes, antivirus scan"
    },
    {
      "category": "Validation",
      "requirement": "VAL-005: Rate limiting API",
      "description": "Limitation du débit sur toutes les API",
      "compliance": [
        "OWASP ASVS",
        "SOC 2 Type II"
      ],
      "severity": "HIGH",
      "passed": true,
      "recommendation": "Implémenter rate limiting: 100 req/min par IP"
    },
    {
      "category": "Dépendances",
      "requirement": "DEP-001: Fichiers de verrouillage",
      "description": "Utilisation de lockfiles pour versions reproductibles",
      "compliance": [
        "OWASP ASVS",
        "SOC 2 Type II"
      ],
      "severity": "MEDIUM",
      "passed": true,
      "recommendation": "Commiter package-lock.json ou yarn.lock"
    },
    {
      "category": "Dépendances",
      "requirement": "DEP-002: Audit automatique des vulnérabilités",
      "description": "Scan automatique des dépendances vulnérables",
      "compliance": [
        "OWASP ASVS",
        "SOC 2 Type II",
        "PCI-DSS"
      ],
      "severity": "HIGH",
      "passed": true,
      "recommendation": "Configurer Dependabot/Snyk/npm audit dans CI/CD"
    },
    {
      "category": "Continuité",
      "requirement": "BCK-001: Stratégie de backup",
      "description": "Sauvegardes automatiques quotidiennes minimum",
      "compliance": [
        "ISO 27001",
        "SOC 2 Type II",
        "PCI-DSS"
      ],
      "severity": "CRITICAL",
      "passed": true,
      "recommendation": "Configurer backup quotidien avec rétention 30 jours minimum"
    },
    {
      "category": "Continuité",
      "requirement": "BCK-002: Plan de reprise d'activité (PRA)",
      "description": "Documentation et tests du plan de reprise",
      "compliance": [
        "ISO 27001",
        "SOC 2 Type II"
      ],
      "severity": "HIGH",
      "passed": true,
      "recommendation": "Documenter PRA avec RTO/RPO définis, tester annuellement"
    },
    {
      "category": "Contrôle d'accès",
      "requirement": "ACC-001: RBAC (Role-Based Access Control)",
      "description": "Contrôle d'accès basé sur les rôles",
      "compliance": [
        "ISO 27001",
        "SOC 2 Type II",
        "PCI-DSS"
      ],
      "severity": "CRITICAL",
      "passed": true,
      "recommendation": "Implémenter RBAC avec principe du moindre privilège"
    },
    {
      "category": "Contrôle d'accès",
      "requirement": "ACC-002: Principe du moindre privilège",
      "description": "Accès limité au strict nécessaire",
      "compliance": [
        "ISO 27001",
        "SOC 2 Type II",
        "ANSSI"
      ],
      "severity": "HIGH",
      "passed": true,
      "recommendation": "Réviser les permissions, supprimer les accès non nécessaires"
    }
  ]
}