{
  "ci": {
    "collect": {
      "url": [
        "http://localhost:3000",
        "http://localhost:3000/dashboard",
        "http://localhost:3000/auth/login"
      ],
      "startServerCommand": "npm run start",
      "numberOfRuns": 3
    },
    "assert": {
      "assertions": {
        "categories:performance": ["error", {"minScore": 0.9}],
        "categories:accessibility": ["error", {"minScore": 0.9}],
        "categories:best-practices": ["error", {"minScore": 0.9}],
        "categories:seo": ["error", {"minScore": 0.9}],
        "first-contentful-paint": ["error", {"maxNumericValue": 1500}],
        "largest-contentful-paint": ["error", {"maxNumericValue": 2500}],
        "cumulative-layout-shift": ["error", {"maxNumericValue": 0.1}],
        "first-input-delay": ["error", {"maxNumericValue": 100}],
        "speed-index": ["error", {"maxNumericValue": 3000}],
        "total-blocking-time": ["error", {"maxNumericValue": 200}]
      }
    },
    "upload": {
      "target": "temporary-public-storage"
    }
  }
}