﻿{
    "message":  "Scan terminé",
    "unreadOnly":  false,
    "daysBack":  7,
    "totalEmails":  5,
    "ingested":  5,
    "duplicates":  0,
    "fieldsCaptured":  [
                           "from",
                           "to",
                           "cc",
                           "bcc",
                           "replyTo",
                           "subject",
                           "messageId",
                           "occurredAt",
                           "bodyText",
                           "bodyHtml",
                           "attachments",
                           "extracted.senderName",
                           "extracted.phone",
                           "extracted.address",
                           "checksum",
                           "requiresAttention"
                       ],
    "exploitation":  {
                         "withPhone":  0,
                         "withAddress":  0,
                         "withAttachments":  1,
                         "clientsCreated":  3,
                         "requiresAttention":  0
                     },
    "linesPreviewCount":  5,
    "linesPreview":  [
                         {
                             "status":  "ingested",
                             "occurredAt":  "2026-02-22T02:49:30Z",
                             "from":  "no-reply@accounts.google.com",
                             "to":  "sarraboudjellal57@gmail.com",
                             "cc":  "",
                             "bcc":  "",
                             "replyTo":  "",
                             "subject":  "Security alert",
                             "messageId":  "TxeVTvNlk9KwHT8HEW8xww@notifications.google.com",
                             "checksum":  "0E56BD359059915A6F19B48B9C1C6E81B21D80B4EEDD3B2CA9534D810DF11CE5",
                             "hasAttachments":  false,
                             "attachmentNames":  [

                                                 ],
                             "bodyLength":  680,
                             "extractedPhone":  null,
                             "extractedAddress":  null,
                             "normalizedSenderName":  "Google",
                             "clientCreated":  true,
                             "eventId":  "94c0776d-eb51-4942-8f7b-908be2dc33b8",
                             "requiresAttention":  false
                         },
                         {
                             "status":  "ingested",
                             "occurredAt":  "2026-02-22T02:49:42Z",
                             "from":  "no-reply@accounts.google.com",
                             "to":  "sarraboudjellal57@gmail.com",
                             "cc":  "",
                             "bcc":  "",
                             "replyTo":  "",
                             "subject":  "Security alert",
                             "messageId":  "umxmRfM_k-Q6pwjixzlmJQ@notifications.google.com",
                             "checksum":  "DCF21A01D8111696649C058862F6F405EA3C678117715A654645A976E62F7AF9",
                             "hasAttachments":  false,
                             "attachmentNames":  [

                                                 ],
                             "bodyLength":  700,
                             "extractedPhone":  null,
                             "extractedAddress":  null,
                             "normalizedSenderName":  "Google",
                             "clientCreated":  false,
                             "eventId":  "872fc821-f73b-4f62-955e-b02a29ea1afc",
                             "requiresAttention":  false
                         },
                         {
                             "status":  "ingested",
                             "occurredAt":  "2026-02-22T03:52:10Z",
                             "from":  "morosidibepro@gmail.com",
                             "to":  "sarraboudjellal57@gmail.com",
                             "cc":  "",
                             "bcc":  "",
                             "replyTo":  "",
                             "subject":  "Fwd: OQTF",
                             "messageId":  "CAM13VXiCWfqUWW4TJ+zRycJbTrGjezMxT67QsWv0QWHYRoL8LQ@mail.gmail.com",
                             "checksum":  "9F6807E0E5B30AD4951AD277595AA5DCDCBD4C9E5383BB4EDA69E26B96D6E5B9",
                             "hasAttachments":  true,
                             "attachmentNames":  [
                                                     "Exemple_OQTF_PreRempli.pdf"
                                                 ],
                             "bodyLength":  169,
                             "extractedPhone":  null,
                             "extractedAddress":  null,
                             "normalizedSenderName":  "moro sidibe",
                             "clientCreated":  true,
                             "eventId":  "9d6b903e-9b65-4cb4-b7da-3fcdae05c0f1",
                             "requiresAttention":  false
                         },
                         {
                             "status":  "ingested",
                             "occurredAt":  "2026-02-22T04:23:43Z",
                             "from":  "sarraboudjellal57@gmail.com",
                             "to":  "sarraboudjellal57@gmail.com",
                             "cc":  "",
                             "bcc":  "",
                             "replyTo":  "sarraboudjellal57@gmail.com",
                             "subject":  "[MemoLib] Demande schéma data - MemoLib Test",
                             "messageId":  "8FN3SPXKKSU4.MUC0IFL9M7IL2@moroadmin",
                             "checksum":  "9BA6A9A39784B7F6510507AE2ADEDDB08C7A80759E10CBE5F35520B6E1CD6387",
                             "hasAttachments":  false,
                             "attachmentNames":  [

                                                 ],
                             "bodyLength":  394,
                             "extractedPhone":  null,
                             "extractedAddress":  null,
                             "normalizedSenderName":  "sarraboudjellal57",
                             "clientCreated":  true,
                             "eventId":  "f5838427-99cc-4851-a8bd-05010b391639",
                             "requiresAttention":  false
                         },
                         {
                             "status":  "ingested",
                             "occurredAt":  "2026-02-22T05:26:16Z",
                             "from":  "sarraboudjellal57@gmail.com",
                             "to":  "sarraboudjellal57@gmail.com",
                             "cc":  "",
                             "bcc":  "",
                             "replyTo":  "sarraboudjellal57@gmail.com",
                             "subject":  "[MemoLib] Demande schéma data - MemoLib",
                             "messageId":  "DJ7HHYELKSU4.TNQD1EURQCZT2@moroadmin",
                             "checksum":  "E766DB7723587002256BE8B0A41E0578A4807E58B4BFFDAF50D419ED3E4A4EEE",
                             "hasAttachments":  false,
                             "attachmentNames":  [

                                                 ],
                             "bodyLength":  398,
                             "extractedPhone":  null,
                             "extractedAddress":  null,
                             "normalizedSenderName":  "sarraboudjellal57",
                             "clientCreated":  false,
                             "eventId":  "58c28f4f-315b-4e31-8320-c56205e80806",
                             "requiresAttention":  false
                         }
                     ]
}
