{
  "crons": [
    {
      "path": "/api/cron/deadline-alerts?token=${CRON_SECRET}",
      "schedule": "0 8 * * *"
    },
    {
      "path": "/api/cron/cost-alerts",
      "schedule": "0 9 * * *"
    }
  ],
  "headers": [
    {
      "source": "/(.*).html",
      "headers": [
        {
          "key": "Cache-Control",
          "value": "no-cache, no-store, must-revalidate"
        }
      ]
    },
    {
      "source": "/(.*)",
      "headers": [
        {
          "key": "Strict-Transport-Security",
          "value": "max-age=63072000; includeSubDomains; preload"
        },
        {
          "key": "X-Frame-Options",
          "value": "DENY"
        },
        {
          "key": "X-Content-Type-Options",
          "value": "nosniff"
        },
        {
          "key": "Referrer-Policy",
          "value": "strict-origin-when-cross-origin"
        },
        {
          "key": "Permissions-Policy",
          "value": "camera=(), microphone=(), geolocation=(), payment=(), usb=(), magnetometer=(), gyroscope=(), accelerometer=(), interest-cohort=()"
        },
        {
          "key": "Content-Security-Policy",
          "value": "default-src 'self'; script-src 'self' 'unsafe-eval' 'unsafe-inline' https://vercel.live https://va.vercel-scripts.com; style-src 'self' 'unsafe-inline'; img-src 'self' data: https: blob:; font-src 'self' data:; connect-src 'self' https: wss:; worker-src 'self' blob:; frame-ancestors 'none'; base-uri 'self'; form-action 'self'; upgrade-insecure-requests;"
        },
        {
          "key": "Cross-Origin-Embedder-Policy",
          "value": "credentialless"
        },
        {
          "key": "Cross-Origin-Opener-Policy",
          "value": "same-origin"
        },
        {
          "key": "Cross-Origin-Resource-Policy",
          "value": "same-origin"
        },
        {
          "key": "X-XSS-Protection",
          "value": "1; mode=block"
        },
        {
          "key": "X-Permitted-Cross-Domain-Policies",
          "value": "none"
        },
        {
          "key": "X-Download-Options",
          "value": "noopen"
        }
      ]
    }
  ]
}
