{
  "timestamp": "2026-01-27T17:23:52.992737",
  "sql_injection": {
    "tested": 12,
    "blocked": 12
  },
  "xss": {
    "tested": 12,
    "blocked": 6
  },
  "auth": {
    "tested": 19,
    "weak": 19
  },
  "nosql_injection": {
    "tested": 6,
    "blocked": 6
  },
  "command_injection": {
    "tested": 7,
    "blocked": 7
  },
  "performance": {
    "elapsed_time_seconds": 0.04702115058898926,
    "cache_stats": {
      "_get_sql_patterns": {
        "hits": 11,
        "misses": 1,
        "maxsize": 256,
        "currsize": 1
      },
      "_get_xss_indicators": {
        "hits": 11,
        "misses": 1,
        "maxsize": 256,
        "currsize": 1
      },
      "_check_password_patterns": {
        "hits": 0,
        "misses": 19,
        "maxsize": 512,
        "currsize": 19
      }
    }
  }
}