{"Version":1,"ManifestType":"Build","Endpoints":[{"Route":"_demo_extracted.icghc6amfy.js","AssetFile":"_demo_extracted.js.gz","Selectors":[{"Name":"Content-Encoding","Value":"gzip","Quality":"0.000038398034"}],"ResponseHeaders":[{"Name":"Accept-Ranges","Value":"bytes"},{"Name":"Cache-Control","Value":"max-age=31536000, immutable"},{"Name":"Content-Encoding","Value":"gzip"},{"Name":"Content-Length","Value":"26042"},{"Name":"Content-Type","Value":"text/javascript"},{"Name":"ETag","Value":"\"CC7EzbjhTj+IJ/OHidK9uQSuToZ1+sTHhP9uNRVcJh8=\""},{"Name":"ETag","Value":"W/\"AvHGU+n7Br4UaDJFp954RWKQj+VNtnj1yF9CtjeX1/M=\""},{"Name":"Last-Modified","Value":"Thu, 26 Feb 2026 01:42:06 GMT"},{"Name":"Vary","Value":"Content-Encoding"}],"EndpointProperties":[{"Name":"fingerprint","Value":"icghc6amfy"},{"Name":"integrity","Value":"sha256-AvHGU+n7Br4UaDJFp954RWKQj+VNtnj1yF9CtjeX1/M="},{"Name":"label","Value":"_demo_extracted.js"}]},{"Route":"_demo_extracted.icghc6amfy.js","AssetFile":"_demo_extracted.js","Selectors":[],"ResponseHeaders":[{"Name":"Accept-Ranges","Value":"bytes"},{"Name":"Cache-Control","Value":"max-age=31536000, immutable"},{"Name":"Content-Length","Value":"153656"},{"Name":"Content-Type","Value":"text/javascript"},{"Name":"ETag","Value":"\"AvHGU+n7Br4UaDJFp954RWKQj+VNtnj1yF9CtjeX1/M=\""},{"Name":"Last-Modified","Value":"Thu, 26 Feb 2026 01:39:02 GMT"}],"EndpointProperties":[{"Name":"fingerprint","Value":"icghc6amfy"},{"Name":"integrity","Value":"sha256-AvHGU+n7Br4UaDJFp954RWKQj+VNtnj1yF9CtjeX1/M="},{"Name":"label","Value":"_demo_extracted.js"}]},{"Route":"_demo_extracted.icghc6amfy.js.gz","AssetFile":"_demo_extracted.js.gz","Selectors":[],"ResponseHeaders":[{"Name":"Accept-Ranges","Value":"bytes"},{"Name":"Cache-Control","Value":"max-age=31536000, immutable"},{"Name":"Content-Encoding","Value":"gzip"},{"Name":"Content-Length","Value":"26042"},{"Name":"Content-Type","Value":"text/javascript"},{"Name":"ETag","Value":"\"CC7EzbjhTj+IJ/OHidK9uQSuToZ1+sTHhP9uNRVcJh8=\""},{"Name":"Last-Modified","Value":"Thu, 26 Feb 2026 01:42:06 GMT"},{"Name":"Vary","Value":"Content-Encoding"}],"EndpointProperties":[{"Name":"fingerprint","Value":"icghc6amfy"},{"Name":"integrity","Value":"sha256-CC7EzbjhTj+IJ/OHidK9uQSuToZ1+sTHhP9uNRVcJh8="},{"Name":"label","Value":"_demo_extracted.js.gz"}]},{"Route":"_demo_extracted.js","AssetFile":"_demo_extracted.js.gz","Selectors":[{"Name":"Content-Encoding","Value":"gzip","Quality":"0.000038398034"}],"ResponseHeaders":[{"Name":"Accept-Ranges","Value":"bytes"},{"Name":"Cache-Control","Value":"no-cache"},{"Name":"Content-Encoding","Value":"gzip"},{"Name":"Content-Length","Value":"26042"},{"Name":"Content-Type","Value":"text/javascript"},{"Name":"ETag","Value":"\"CC7EzbjhTj+IJ/OHidK9uQSuToZ1+sTHhP9uNRVcJh8=\""},{"Name":"ETag","Value":"W/\"AvHGU+n7Br4UaDJFp954RWKQj+VNtnj1yF9CtjeX1/M=\""},{"Name":"Last-Modified","Value":"Thu, 26 Feb 2026 01:42:06 GMT"},{"Name":"Vary","Value":"Content-Encoding"}],"EndpointProperties":[{"Name":"integrity","Value":"sha256-AvHGU+n7Br4UaDJFp954RWKQj+VNtnj1yF9CtjeX1/M="}]},{"Route":"_demo_extracted.js","AssetFile":"_demo_extracted.js","Selectors":[],"ResponseHeaders":[{"Name":"Accept-Ranges","Value":"bytes"},{"Name":"Cache-Control","Value":"no-cache"},{"Name":"Content-Length","Value":"153656"},{"Name":"Content-Type","Value":"text/javascript"},{"Name":"ETag","Value":"\"AvHGU+n7Br4UaDJFp954RWKQj+VNtnj1yF9CtjeX1/M=\""},{"Name":"Last-Modified","Value":"Thu, 26 Feb 2026 01:39:02 GMT"}],"EndpointProperties":[{"Name":"integrity","Value":"sha256-AvHGU+n7Br4UaDJFp954RWKQj+VNtnj1yF9CtjeX1/M="}]},{"Route":"_demo_extracted.js.gz","AssetFile":"_demo_extracted.js.gz","Selectors":[],"ResponseHeaders":[{"Name":"Accept-Ranges","Value":"bytes"},{"Name":"Cache-Control","Value":"no-cache"},{"Name":"Content-Encoding","Value":"gzip"},{"Name":"Content-Length","Value":"26042"},{"Name":"Content-Type","Value":"text/javascript"},{"Name":"ETag","Value":"\"CC7EzbjhTj+IJ/OHidK9uQSuToZ1+sTHhP9uNRVcJh8=\""},{"Name":"Last-Modified","Value":"Thu, 26 Feb 2026 01:42:06 GMT"},{"Name":"Vary","Value":"Content-Encoding"}],"EndpointProperties":[{"Name":"integrity","Value":"sha256-CC7EzbjhTj+IJ/OHidK9uQSuToZ1+sTHhP9uNRVcJh8="}]},{"Route":"_demo_secure_extracted.js","AssetFile":"_demo_secure_extracted.js.gz","Selectors":[{"Name":"Content-Encoding","Value":"gzip","Quality":"0.000160282096"}],"ResponseHeaders":[{"Name":"Accept-Ranges","Value":"bytes"},{"Name":"Cache-Control","Value":"no-cache"},{"Name":"Content-Encoding","Value":"gzip"},{"Name":"Content-Length","Value":"6238"},{"Name":"Content-Type","Value":"text/javascript"},{"Name":"ETag","Value":"\"3+Vr1kBHZOUo2Dv1QaYX+vDA+E2wDX4XjFs4uviQyj0=\""},{"Name":"ETag","Value":"W/\"ri/yEXHv6sJkpXm2a+Zp5nOTM+DWAe2ij9LqlJRAYII=\""},{"Name":"Last-Modified","Value":"Thu, 26 Feb 2026 00:31:43 GMT"},{"Name":"Vary","Value":"Content-Encoding"}],"EndpointProperties":[{"Name":"integrity","Value":"sha256-ri/yEXHv6sJkpXm2a+Zp5nOTM+DWAe2ij9LqlJRAYII="}]},{"Route":"_demo_secure_extracted.js","AssetFile":"_demo_secure_extracted.js","Selectors":[],"ResponseHeaders":[{"Name":"Accept-Ranges","Value":"bytes"},{"Name":"Cache-Control","Value":"no-cache"},{"Name":"Content-Length","Value":"27732"},{"Name":"Content-Type","Value":"text/javascript"},{"Name":"ETag","Value":"\"ri/yEXHv6sJkpXm2a+Zp5nOTM+DWAe2ij9LqlJRAYII=\""},{"Name":"Last-Modified","Value":"Wed, 25 Feb 2026 23:40:35 GMT"}],"EndpointProperties":[{"Name":"integrity","Value":"sha256-ri/yEXHv6sJkpXm2a+Zp5nOTM+DWAe2ij9LqlJRAYII="}]},{"Route":"_demo_secure_extracted.js.gz","AssetFile":"_demo_secure_extracted.js.gz","Selectors":[],"ResponseHeaders":[{"Name":"Accept-Ranges","Value":"bytes"},{"Name":"Cache-Control","Value":"no-cache"},{"Name":"Content-Encoding","Value":"gzip"},{"Name":"Content-Length","Value":"6238"},{"Name":"Content-Type","Value":"text/javascript"},{"Name":"ETag","Value":"\"3+Vr1kBHZOUo2Dv1QaYX+vDA+E2wDX4XjFs4uviQyj0=\""},{"Name":"Last-Modified","Value":"Thu, 26 Feb 2026 00:31:43 GMT"},{"Name":"Vary","Value":"Content-Encoding"}],"EndpointProperties":[{"Name":"integrity","Value":"sha256-3+Vr1kBHZOUo2Dv1QaYX+vDA+E2wDX4XjFs4uviQyj0="}]},{"Route":"_demo_secure_extracted.mil7fuquii.js","AssetFile":"_demo_secure_extracted.js.gz","Selectors":[{"Name":"Content-Encoding","Value":"gzip","Quality":"0.000160282096"}],"ResponseHeaders":[{"Name":"Accept-Ranges","Value":"bytes"},{"Name":"Cache-Control","Value":"max-age=31536000, immutable"},{"Name":"Content-Encoding","Value":"gzip"},{"Name":"Content-Length","Value":"6238"},{"Name":"Content-Type","Value":"text/javascript"},{"Name":"ETag","Value":"\"3+Vr1kBHZOUo2Dv1QaYX+vDA+E2wDX4XjFs4uviQyj0=\""},{"Name":"ETag","Value":"W/\"ri/yEXHv6sJkpXm2a+Zp5nOTM+DWAe2ij9LqlJRAYII=\""},{"Name":"Last-Modified","Value":"Thu, 26 Feb 2026 00:31:43 GMT"},{"Name":"Vary","Value":"Content-Encoding"}],"EndpointProperties":[{"Name":"fingerprint","Value":"mil7fuquii"},{"Name":"integrity","Value":"sha256-ri/yEXHv6sJkpXm2a+Zp5nOTM+DWAe2ij9LqlJRAYII="},{"Name":"label","Value":"_demo_secure_extracted.js"}]},{"Route":"_demo_secure_extracted.mil7fuquii.js","AssetFile":"_demo_secure_extracted.js","Selectors":[],"ResponseHeaders":[{"Name":"Accept-Ranges","Value":"bytes"},{"Name":"Cache-Control","Value":"max-age=31536000, immutable"},{"Name":"Content-Length","Value":"27732"},{"Name":"Content-Type","Value":"text/javascript"},{"Name":"ETag","Value":"\"ri/yEXHv6sJkpXm2a+Zp5nOTM+DWAe2ij9LqlJRAYII=\""},{"Name":"Last-Modified","Value":"Wed, 25 Feb 2026 23:40:35 GMT"}],"EndpointProperties":[{"Name":"fingerprint","Value":"mil7fuquii"},{"Name":"integrity","Value":"sha256-ri/yEXHv6sJkpXm2a+Zp5nOTM+DWAe2ij9LqlJRAYII="},{"Name":"label","Value":"_demo_secure_extracted.js"}]},{"Route":"_demo_secure_extracted.mil7fuquii.js.gz","AssetFile":"_demo_secure_extracted.js.gz","Selectors":[],"ResponseHeaders":[{"Name":"Accept-Ranges","Value":"bytes"},{"Name":"Cache-Control","Value":"max-age=31536000, immutable"},{"Name":"Content-Encoding","Value":"gzip"},{"Name":"Content-Length","Value":"6238"},{"Name":"Content-Type","Value":"text/javascript"},{"Name":"ETag","Value":"\"3+Vr1kBHZOUo2Dv1QaYX+vDA+E2wDX4XjFs4uviQyj0=\""},{"Name":"Last-Modified","Value":"Thu, 26 Feb 2026 00:31:43 GMT"},{"Name":"Vary","Value":"Content-Encoding"}],"EndpointProperties":[{"Name":"fingerprint","Value":"mil7fuquii"},{"Name":"integrity","Value":"sha256-3+Vr1kBHZOUo2Dv1QaYX+vDA+E2wDX4XjFs4uviQyj0="},{"Name":"label","Value":"_demo_secure_extracted.js.gz"}]},{"Route":"advanced-features.5mn7jz4poe.js","AssetFile":"advanced-features.js.gz","Selectors":[{"Name":"Content-Encoding","Value":"gzip","Quality":"0.000250000000"}],"ResponseHeaders":[{"Name":"Accept-Ranges","Value":"bytes"},{"Name":"Cache-Control","Value":"max-age=31536000, immutable"},{"Name":"Content-Encoding","Value":"gzip"},{"Name":"Content-Length","Value":"3999"},{"Name":"Content-Type","Value":"text/javascript"},{"Name":"ETag","Value":"\"MSLB0HJAUuphLmCBBUpB0uxfL2lNZEEwVNYEX8Zd8Cs=\""},{"Name":"ETag","Value":"W/\"s60OzD+dtDv4tgg8Q7/wlQ5pwInWcgIHkzzG2SufMJ4=\""},{"Name":"Last-Modified","Value":"Thu, 26 Feb 2026 01:42:06 GMT"},{"Name":"Vary","Value":"Content-Encoding"}],"EndpointProperties":[{"Name":"fingerprint","Value":"5mn7jz4poe"},{"Name":"integrity","Value":"sha256-s60OzD+dtDv4tgg8Q7/wlQ5pwInWcgIHkzzG2SufMJ4="},{"Name":"label","Value":"advanced-features.js"}]},{"Route":"advanced-features.5mn7jz4poe.js","AssetFile":"advanced-features.js","Selectors":[],"ResponseHeaders":[{"Name":"Accept-Ranges","Value":"bytes"},{"Name":"Cache-Control","Value":"max-age=31536000, immutable"},{"Name":"Content-Length","Value":"15809"},{"Name":"Content-Type","Value":"text/javascript"},{"Name":"ETag","Value":"\"s60OzD+dtDv4tgg8Q7/wlQ5pwInWcgIHkzzG2SufMJ4=\""},{"Name":"Last-Modified","Value":"Thu, 26 Feb 2026 01:29:28 GMT"}],"EndpointProperties":[{"Name":"fingerprint","Value":"5mn7jz4poe"},{"Name":"integrity","Value":"sha256-s60OzD+dtDv4tgg8Q7/wlQ5pwInWcgIHkzzG2SufMJ4="},{"Name":"label","Value":"advanced-features.js"}]},{"Route":"advanced-features.5mn7jz4poe.js.gz","AssetFile":"advanced-features.js.gz","Selectors":[],"ResponseHeaders":[{"Name":"Accept-Ranges","Value":"bytes"},{"Name":"Cache-Control","Value":"max-age=31536000, immutable"},{"Name":"Content-Encoding","Value":"gzip"},{"Name":"Content-Length","Value":"3999"},{"Name":"Content-Type","Value":"text/javascript"},{"Name":"ETag","Value":"\"MSLB0HJAUuphLmCBBUpB0uxfL2lNZEEwVNYEX8Zd8Cs=\""},{"Name":"Last-Modified","Value":"Thu, 26 Feb 2026 01:42:06 GMT"},{"Name":"Vary","Value":"Content-Encoding"}],"EndpointProperties":[{"Name":"fingerprint","Value":"5mn7jz4poe"},{"Name":"integrity","Value":"sha256-MSLB0HJAUuphLmCBBUpB0uxfL2lNZEEwVNYEX8Zd8Cs="},{"Name":"label","Value":"advanced-features.js.gz"}]},{"Route":"advanced-features.js","AssetFile":"advanced-features.js.gz","Selectors":[{"Name":"Content-Encoding","Value":"gzip","Quality":"0.000250000000"}],"ResponseHeaders":[{"Name":"Accept-Ranges","Value":"bytes"},{"Name":"Cache-Control","Value":"no-cache"},{"Name":"Content-Encoding","Value":"gzip"},{"Name":"Content-Length","Value":"3999"},{"Name":"Content-Type","Value":"text/javascript"},{"Name":"ETag","Value":"\"MSLB0HJAUuphLmCBBUpB0uxfL2lNZEEwVNYEX8Zd8Cs=\""},{"Name":"ETag","Value":"W/\"s60OzD+dtDv4tgg8Q7/wlQ5pwInWcgIHkzzG2SufMJ4=\""},{"Name":"Last-Modified","Value":"Thu, 26 Feb 2026 01:42:06 GMT"},{"Name":"Vary","Value":"Content-Encoding"}],"EndpointProperties":[{"Name":"integrity","Value":"sha256-s60OzD+dtDv4tgg8Q7/wlQ5pwInWcgIHkzzG2SufMJ4="}]},{"Route":"advanced-features.js","AssetFile":"advanced-features.js","Selectors":[],"ResponseHeaders":[{"Name":"Accept-Ranges","Value":"bytes"},{"Name":"Cache-Control","Value":"no-cache"},{"Name":"Content-Length","Value":"15809"},{"Name":"Content-Type","Value":"text/javascript"},{"Name":"ETag","Value":"\"s60OzD+dtDv4tgg8Q7/wlQ5pwInWcgIHkzzG2SufMJ4=\""},{"Name":"Last-Modified","Value":"Thu, 26 Feb 2026 01:29:28 GMT"}],"EndpointProperties":[{"Name":"integrity","Value":"sha256-s60OzD+dtDv4tgg8Q7/wlQ5pwInWcgIHkzzG2SufMJ4="}]},{"Route":"advanced-features.js.gz","AssetFile":"advanced-features.js.gz","Selectors":[],"ResponseHeaders":[{"Name":"Accept-Ranges","Value":"bytes"},{"Name":"Cache-Control","Value":"no-cache"},{"Name":"Content-Encoding","Value":"gzip"},{"Name":"Content-Length","Value":"3999"},{"Name":"Content-Type","Value":"text/javascript"},{"Name":"ETag","Value":"\"MSLB0HJAUuphLmCBBUpB0uxfL2lNZEEwVNYEX8Zd8Cs=\""},{"Name":"Last-Modified","Value":"Thu, 26 Feb 2026 01:42:06 GMT"},{"Name":"Vary","Value":"Content-Encoding"}],"EndpointProperties":[{"Name":"integrity","Value":"sha256-MSLB0HJAUuphLmCBBUpB0uxfL2lNZEEwVNYEX8Zd8Cs="}]},{"Route":"attachments.5gzq8h4hgl.html","AssetFile":"attachments.html.gz","Selectors":[{"Name":"Content-Encoding","Value":"gzip","Quality":"0.000256081946"}],"ResponseHeaders":[{"Name":"Accept-Ranges","Value":"bytes"},{"Name":"Cache-Control","Value":"max-age=31536000, immutable"},{"Name":"Content-Encoding","Value":"gzip"},{"Name":"Content-Length","Value":"3904"},{"Name":"Content-Type","Value":"text/html"},{"Name":"ETag","Value":"\"YHzdBo88GGj1byiiqBJAhDtcDfUXx/I9etCdGJx0yNg=\""},{"Name":"ETag","Value":"W/\"9aH3ZKtpEF9fy8FFL/fKUzN3mz3Ulhs/JLVGJtW8iMs=\""},{"Name":"Last-Modified","Value":"Thu, 26 Feb 2026 00:31:43 GMT"},{"Name":"Vary","Value":"Content-Encoding"}],"EndpointProperties":[{"Name":"fingerprint","Value":"5gzq8h4hgl"},{"Name":"integrity","Value":"sha256-9aH3ZKtpEF9fy8FFL/fKUzN3mz3Ulhs/JLVGJtW8iMs="},{"Name":"label","Value":"attachments.html"}]},{"Route":"attachments.5gzq8h4hgl.html","AssetFile":"attachments.html","Selectors":[],"ResponseHeaders":[{"Name":"Accept-Ranges","Value":"bytes"},{"Name":"Cache-Control","Value":"max-age=31536000, immutable"},{"Name":"Content-Length","Value":"17396"},{"Name":"Content-Type","Value":"text/html"},{"Name":"ETag","Value":"\"9aH3ZKtpEF9fy8FFL/fKUzN3mz3Ulhs/JLVGJtW8iMs=\""},{"Name":"Last-Modified","Value":"Sun, 22 Feb 2026 22:41:23 GMT"}],"EndpointProperties":[{"Name":"fingerprint","Value":"5gzq8h4hgl"},{"Name":"integrity","Value":"sha256-9aH3ZKtpEF9fy8FFL/fKUzN3mz3Ulhs/JLVGJtW8iMs="},{"Name":"label","Value":"attachments.html"}]},{"Route":"attachments.5gzq8h4hgl.html.gz","AssetFile":"attachments.html.gz","Selectors":[],"ResponseHeaders":[{"Name":"Accept-Ranges","Value":"bytes"},{"Name":"Cache-Control","Value":"max-age=31536000, immutable"},{"Name":"Content-Encoding","Value":"gzip"},{"Name":"Content-Length","Value":"3904"},{"Name":"Content-Type","Value":"text/html"},{"Name":"ETag","Value":"\"YHzdBo88GGj1byiiqBJAhDtcDfUXx/I9etCdGJx0yNg=\""},{"Name":"Last-Modified","Value":"Thu, 26 Feb 2026 00:31:43 GMT"},{"Name":"Vary","Value":"Content-Encoding"}],"EndpointProperties":[{"Name":"fingerprint","Value":"5gzq8h4hgl"},{"Name":"integrity","Value":"sha256-YHzdBo88GGj1byiiqBJAhDtcDfUXx/I9etCdGJx0yNg="},{"Name":"label","Value":"attachments.html.gz"}]},{"Route":"attachments.html","AssetFile":"attachments.html.gz","Selectors":[{"Name":"Content-Encoding","Value":"gzip","Quality":"0.000256081946"}],"ResponseHeaders":[{"Name":"Accept-Ranges","Value":"bytes"},{"Name":"Cache-Control","Value":"no-cache"},{"Name":"Content-Encoding","Value":"gzip"},{"Name":"Content-Length","Value":"3904"},{"Name":"Content-Type","Value":"text/html"},{"Name":"ETag","Value":"\"YHzdBo88GGj1byiiqBJAhDtcDfUXx/I9etCdGJx0yNg=\""},{"Name":"ETag","Value":"W/\"9aH3ZKtpEF9fy8FFL/fKUzN3mz3Ulhs/JLVGJtW8iMs=\""},{"Name":"Last-Modified","Value":"Thu, 26 Feb 2026 00:31:43 GMT"},{"Name":"Vary","Value":"Content-Encoding"}],"EndpointProperties":[{"Name":"integrity","Value":"sha256-9aH3ZKtpEF9fy8FFL/fKUzN3mz3Ulhs/JLVGJtW8iMs="}]},{"Route":"attachments.html","AssetFile":"attachments.html","Selectors":[],"ResponseHeaders":[{"Name":"Accept-Ranges","Value":"bytes"},{"Name":"Cache-Control","Value":"no-cache"},{"Name":"Content-Length","Value":"17396"},{"Name":"Content-Type","Value":"text/html"},{"Name":"ETag","Value":"\"9aH3ZKtpEF9fy8FFL/fKUzN3mz3Ulhs/JLVGJtW8iMs=\""},{"Name":"Last-Modified","Value":"Sun, 22 Feb 2026 22:41:23 GMT"}],"EndpointProperties":[{"Name":"integrity","Value":"sha256-9aH3ZKtpEF9fy8FFL/fKUzN3mz3Ulhs/JLVGJtW8iMs="}]},{"Route":"attachments.html.gz","AssetFile":"attachments.html.gz","Selectors":[],"ResponseHeaders":[{"Name":"Accept-Ranges","Value":"bytes"},{"Name":"Cache-Control","Value":"no-cache"},{"Name":"Content-Encoding","Value":"gzip"},{"Name":"Content-Length","Value":"3904"},{"Name":"Content-Type","Value":"text/html"},{"Name":"ETag","Value":"\"YHzdBo88GGj1byiiqBJAhDtcDfUXx/I9etCdGJx0yNg=\""},{"Name":"Last-Modified","Value":"Thu, 26 Feb 2026 00:31:43 GMT"},{"Name":"Vary","Value":"Content-Encoding"}],"EndpointProperties":[{"Name":"integrity","Value":"sha256-YHzdBo88GGj1byiiqBJAhDtcDfUXx/I9etCdGJx0yNg="}]},{"Route":"auto-demo.j23bb9j9px.js","AssetFile":"auto-demo.js.gz","Selectors":[{"Name":"Content-Encoding","Value":"gzip","Quality":"0.000345661943"}],"ResponseHeaders":[{"Name":"Accept-Ranges","Value":"bytes"},{"Name":"Cache-Control","Value":"max-age=31536000, immutable"},{"Name":"Content-Encoding","Value":"gzip"},{"Name":"Content-Length","Value":"2892"},{"Name":"Content-Type","Value":"text/javascript"},{"Name":"ETag","Value":"\"duKVehgQzIEOhKlj1zBkceYf0hr/7CnbPKHGEh1Jl54=\""},{"Name":"ETag","Value":"W/\"tfwyWpQyLiOo+Qr9L002S2Hs9nhjNNSAMb8/ezJJqFs=\""},{"Name":"Last-Modified","Value":"Thu, 26 Feb 2026 00:41:05 GMT"},{"Name":"Vary","Value":"Content-Encoding"}],"EndpointProperties":[{"Name":"fingerprint","Value":"j23bb9j9px"},{"Name":"integrity","Value":"sha256-tfwyWpQyLiOo+Qr9L002S2Hs9nhjNNSAMb8/ezJJqFs="},{"Name":"label","Value":"auto-demo.js"}]},{"Route":"auto-demo.j23bb9j9px.js","AssetFile":"auto-demo.js","Selectors":[],"ResponseHeaders":[{"Name":"Accept-Ranges","Value":"bytes"},{"Name":"Cache-Control","Value":"max-age=31536000, immutable"},{"Name":"Content-Length","Value":"10446"},{"Name":"Content-Type","Value":"text/javascript"},{"Name":"ETag","Value":"\"tfwyWpQyLiOo+Qr9L002S2Hs9nhjNNSAMb8/ezJJqFs=\""},{"Name":"Last-Modified","Value":"Thu, 26 Feb 2026 00:34:42 GMT"}],"EndpointProperties":[{"Name":"fingerprint","Value":"j23bb9j9px"},{"Name":"integrity","Value":"sha256-tfwyWpQyLiOo+Qr9L002S2Hs9nhjNNSAMb8/ezJJqFs="},{"Name":"label","Value":"auto-demo.js"}]},{"Route":"auto-demo.j23bb9j9px.js.gz","AssetFile":"auto-demo.js.gz","Selectors":[],"ResponseHeaders":[{"Name":"Accept-Ranges","Value":"bytes"},{"Name":"Cache-Control","Value":"max-age=31536000, immutable"},{"Name":"Content-Encoding","Value":"gzip"},{"Name":"Content-Length","Value":"2892"},{"Name":"Content-Type","Value":"text/javascript"},{"Name":"ETag","Value":"\"duKVehgQzIEOhKlj1zBkceYf0hr/7CnbPKHGEh1Jl54=\""},{"Name":"Last-Modified","Value":"Thu, 26 Feb 2026 00:41:05 GMT"},{"Name":"Vary","Value":"Content-Encoding"}],"EndpointProperties":[{"Name":"fingerprint","Value":"j23bb9j9px"},{"Name":"integrity","Value":"sha256-duKVehgQzIEOhKlj1zBkceYf0hr/7CnbPKHGEh1Jl54="},{"Name":"label","Value":"auto-demo.js.gz"}]},{"Route":"auto-demo.js","AssetFile":"auto-demo.js.gz","Selectors":[{"Name":"Content-Encoding","Value":"gzip","Quality":"0.000345661943"}],"ResponseHeaders":[{"Name":"Accept-Ranges","Value":"bytes"},{"Name":"Cache-Control","Value":"no-cache"},{"Name":"Content-Encoding","Value":"gzip"},{"Name":"Content-Length","Value":"2892"},{"Name":"Content-Type","Value":"text/javascript"},{"Name":"ETag","Value":"\"duKVehgQzIEOhKlj1zBkceYf0hr/7CnbPKHGEh1Jl54=\""},{"Name":"ETag","Value":"W/\"tfwyWpQyLiOo+Qr9L002S2Hs9nhjNNSAMb8/ezJJqFs=\""},{"Name":"Last-Modified","Value":"Thu, 26 Feb 2026 00:41:05 GMT"},{"Name":"Vary","Value":"Content-Encoding"}],"EndpointProperties":[{"Name":"integrity","Value":"sha256-tfwyWpQyLiOo+Qr9L002S2Hs9nhjNNSAMb8/ezJJqFs="}]},{"Route":"auto-demo.js","AssetFile":"auto-demo.js","Selectors":[],"ResponseHeaders":[{"Name":"Accept-Ranges","Value":"bytes"},{"Name":"Cache-Control","Value":"no-cache"},{"Name":"Content-Length","Value":"10446"},{"Name":"Content-Type","Value":"text/javascript"},{"Name":"ETag","Value":"\"tfwyWpQyLiOo+Qr9L002S2Hs9nhjNNSAMb8/ezJJqFs=\""},{"Name":"Last-Modified","Value":"Thu, 26 Feb 2026 00:34:42 GMT"}],"EndpointProperties":[{"Name":"integrity","Value":"sha256-tfwyWpQyLiOo+Qr9L002S2Hs9nhjNNSAMb8/ezJJqFs="}]},{"Route":"auto-demo.js.gz","AssetFile":"auto-demo.js.gz","Selectors":[],"ResponseHeaders":[{"Name":"Accept-Ranges","Value":"bytes"},{"Name":"Cache-Control","Value":"no-cache"},{"Name":"Content-Encoding","Value":"gzip"},{"Name":"Content-Length","Value":"2892"},{"Name":"Content-Type","Value":"text/javascript"},{"Name":"ETag","Value":"\"duKVehgQzIEOhKlj1zBkceYf0hr/7CnbPKHGEh1Jl54=\""},{"Name":"Last-Modified","Value":"Thu, 26 Feb 2026 00:41:05 GMT"},{"Name":"Vary","Value":"Content-Encoding"}],"EndpointProperties":[{"Name":"integrity","Value":"sha256-duKVehgQzIEOhKlj1zBkceYf0hr/7CnbPKHGEh1Jl54="}]},{"Route":"contact-secure.73l1nwiqgi.html","AssetFile":"contact-secure.html.gz","Selectors":[{"Name":"Content-Encoding","Value":"gzip","Quality":"0.000212134069"}],"ResponseHeaders":[{"Name":"Accept-Ranges","Value":"bytes"},{"Name":"Cache-Control","Value":"max-age=31536000, immutable"},{"Name":"Content-Encoding","Value":"gzip"},{"Name":"Content-Length","Value":"4713"},{"Name":"Content-Type","Value":"text/html"},{"Name":"ETag","Value":"\"ofyFFQWorexFLOvBnh16RquBRXglAZ4LAnBNHKLfFMk=\""},{"Name":"ETag","Value":"W/\"/UdTcYj85I7V+J0Q3ed52NW3kpBuv3Rqvg+RzRu1NHQ=\""},{"Name":"Last-Modified","Value":"Thu, 26 Feb 2026 00:31:43 GMT"},{"Name":"Vary","Value":"Content-Encoding"}],"EndpointProperties":[{"Name":"fingerprint","Value":"73l1nwiqgi"},{"Name":"integrity","Value":"sha256-/UdTcYj85I7V+J0Q3ed52NW3kpBuv3Rqvg+RzRu1NHQ="},{"Name":"label","Value":"contact-secure.html"}]},{"Route":"contact-secure.73l1nwiqgi.html","AssetFile":"contact-secure.html","Selectors":[],"ResponseHeaders":[{"Name":"Accept-Ranges","Value":"bytes"},{"Name":"Cache-Control","Value":"max-age=31536000, immutable"},{"Name":"Content-Length","Value":"14241"},{"Name":"Content-Type","Value":"text/html"},{"Name":"ETag","Value":"\"/UdTcYj85I7V+J0Q3ed52NW3kpBuv3Rqvg+RzRu1NHQ=\""},{"Name":"Last-Modified","Value":"Sun, 22 Feb 2026 21:25:46 GMT"}],"EndpointProperties":[{"Name":"fingerprint","Value":"73l1nwiqgi"},{"Name":"integrity","Value":"sha256-/UdTcYj85I7V+J0Q3ed52NW3kpBuv3Rqvg+RzRu1NHQ="},{"Name":"label","Value":"contact-secure.html"}]},{"Route":"contact-secure.73l1nwiqgi.html.gz","AssetFile":"contact-secure.html.gz","Selectors":[],"ResponseHeaders":[{"Name":"Accept-Ranges","Value":"bytes"},{"Name":"Cache-Control","Value":"max-age=31536000, immutable"},{"Name":"Content-Encoding","Value":"gzip"},{"Name":"Content-Length","Value":"4713"},{"Name":"Content-Type","Value":"text/html"},{"Name":"ETag","Value":"\"ofyFFQWorexFLOvBnh16RquBRXglAZ4LAnBNHKLfFMk=\""},{"Name":"Last-Modified","Value":"Thu, 26 Feb 2026 00:31:43 GMT"},{"Name":"Vary","Value":"Content-Encoding"}],"EndpointProperties":[{"Name":"fingerprint","Value":"73l1nwiqgi"},{"Name":"integrity","Value":"sha256-ofyFFQWorexFLOvBnh16RquBRXglAZ4LAnBNHKLfFMk="},{"Name":"label","Value":"contact-secure.html.gz"}]},{"Route":"contact-secure.html","AssetFile":"contact-secure.html.gz","Selectors":[{"Name":"Content-Encoding","Value":"gzip","Quality":"0.000212134069"}],"ResponseHeaders":[{"Name":"Accept-Ranges","Value":"bytes"},{"Name":"Cache-Control","Value":"no-cache"},{"Name":"Content-Encoding","Value":"gzip"},{"Name":"Content-Length","Value":"4713"},{"Name":"Content-Type","Value":"text/html"},{"Name":"ETag","Value":"\"ofyFFQWorexFLOvBnh16RquBRXglAZ4LAnBNHKLfFMk=\""},{"Name":"ETag","Value":"W/\"/UdTcYj85I7V+J0Q3ed52NW3kpBuv3Rqvg+RzRu1NHQ=\""},{"Name":"Last-Modified","Value":"Thu, 26 Feb 2026 00:31:43 GMT"},{"Name":"Vary","Value":"Content-Encoding"}],"EndpointProperties":[{"Name":"integrity","Value":"sha256-/UdTcYj85I7V+J0Q3ed52NW3kpBuv3Rqvg+RzRu1NHQ="}]},{"Route":"contact-secure.html","AssetFile":"contact-secure.html","Selectors":[],"ResponseHeaders":[{"Name":"Accept-Ranges","Value":"bytes"},{"Name":"Cache-Control","Value":"no-cache"},{"Name":"Content-Length","Value":"14241"},{"Name":"Content-Type","Value":"text/html"},{"Name":"ETag","Value":"\"/UdTcYj85I7V+J0Q3ed52NW3kpBuv3Rqvg+RzRu1NHQ=\""},{"Name":"Last-Modified","Value":"Sun, 22 Feb 2026 21:25:46 GMT"}],"EndpointProperties":[{"Name":"integrity","Value":"sha256-/UdTcYj85I7V+J0Q3ed52NW3kpBuv3Rqvg+RzRu1NHQ="}]},{"Route":"contact-secure.html.gz","AssetFile":"contact-secure.html.gz","Selectors":[],"ResponseHeaders":[{"Name":"Accept-Ranges","Value":"bytes"},{"Name":"Cache-Control","Value":"no-cache"},{"Name":"Content-Encoding","Value":"gzip"},{"Name":"Content-Length","Value":"4713"},{"Name":"Content-Type","Value":"text/html"},{"Name":"ETag","Value":"\"ofyFFQWorexFLOvBnh16RquBRXglAZ4LAnBNHKLfFMk=\""},{"Name":"Last-Modified","Value":"Thu, 26 Feb 2026 00:31:43 GMT"},{"Name":"Vary","Value":"Content-Encoding"}],"EndpointProperties":[{"Name":"integrity","Value":"sha256-ofyFFQWorexFLOvBnh16RquBRXglAZ4LAnBNHKLfFMk="}]},{"Route":"contact.html","AssetFile":"contact.html.gz","Selectors":[{"Name":"Content-Encoding","Value":"gzip","Quality":"0.000336927224"}],"ResponseHeaders":[{"Name":"Accept-Ranges","Value":"bytes"},{"Name":"Cache-Control","Value":"no-cache"},{"Name":"Content-Encoding","Value":"gzip"},{"Name":"Content-Length","Value":"2967"},{"Name":"Content-Type","Value":"text/html"},{"Name":"ETag","Value":"\"dydOZi4KaKK1rViEaSb3n3h3llvyorVa+WUjjEI9Tg4=\""},{"Name":"ETag","Value":"W/\"N904A5CLSOMqosaCJYRcIXgJ/yCRDUVi3rU7NR8K/YA=\""},{"Name":"Last-Modified","Value":"Thu, 26 Feb 2026 00:31:43 GMT"},{"Name":"Vary","Value":"Content-Encoding"}],"EndpointProperties":[{"Name":"integrity","Value":"sha256-N904A5CLSOMqosaCJYRcIXgJ/yCRDUVi3rU7NR8K/YA="}]},{"Route":"contact.html","AssetFile":"contact.html","Selectors":[],"ResponseHeaders":[{"Name":"Accept-Ranges","Value":"bytes"},{"Name":"Cache-Control","Value":"no-cache"},{"Name":"Content-Length","Value":"8959"},{"Name":"Content-Type","Value":"text/html"},{"Name":"ETag","Value":"\"N904A5CLSOMqosaCJYRcIXgJ/yCRDUVi3rU7NR8K/YA=\""},{"Name":"Last-Modified","Value":"Sun, 22 Feb 2026 03:40:54 GMT"}],"EndpointProperties":[{"Name":"integrity","Value":"sha256-N904A5CLSOMqosaCJYRcIXgJ/yCRDUVi3rU7NR8K/YA="}]},{"Route":"contact.html.gz","AssetFile":"contact.html.gz","Selectors":[],"ResponseHeaders":[{"Name":"Accept-Ranges","Value":"bytes"},{"Name":"Cache-Control","Value":"no-cache"},{"Name":"Content-Encoding","Value":"gzip"},{"Name":"Content-Length","Value":"2967"},{"Name":"Content-Type","Value":"text/html"},{"Name":"ETag","Value":"\"dydOZi4KaKK1rViEaSb3n3h3llvyorVa+WUjjEI9Tg4=\""},{"Name":"Last-Modified","Value":"Thu, 26 Feb 2026 00:31:43 GMT"},{"Name":"Vary","Value":"Content-Encoding"}],"EndpointProperties":[{"Name":"integrity","Value":"sha256-dydOZi4KaKK1rViEaSb3n3h3llvyorVa+WUjjEI9Tg4="}]},{"Route":"contact.z5ue9xk5ks.html","AssetFile":"contact.html.gz","Selectors":[{"Name":"Content-Encoding","Value":"gzip","Quality":"0.000336927224"}],"ResponseHeaders":[{"Name":"Accept-Ranges","Value":"bytes"},{"Name":"Cache-Control","Value":"max-age=31536000, immutable"},{"Name":"Content-Encoding","Value":"gzip"},{"Name":"Content-Length","Value":"2967"},{"Name":"Content-Type","Value":"text/html"},{"Name":"ETag","Value":"\"dydOZi4KaKK1rViEaSb3n3h3llvyorVa+WUjjEI9Tg4=\""},{"Name":"ETag","Value":"W/\"N904A5CLSOMqosaCJYRcIXgJ/yCRDUVi3rU7NR8K/YA=\""},{"Name":"Last-Modified","Value":"Thu, 26 Feb 2026 00:31:43 GMT"},{"Name":"Vary","Value":"Content-Encoding"}],"EndpointProperties":[{"Name":"fingerprint","Value":"z5ue9xk5ks"},{"Name":"integrity","Value":"sha256-N904A5CLSOMqosaCJYRcIXgJ/yCRDUVi3rU7NR8K/YA="},{"Name":"label","Value":"contact.html"}]},{"Route":"contact.z5ue9xk5ks.html","AssetFile":"contact.html","Selectors":[],"ResponseHeaders":[{"Name":"Accept-Ranges","Value":"bytes"},{"Name":"Cache-Control","Value":"max-age=31536000, immutable"},{"Name":"Content-Length","Value":"8959"},{"Name":"Content-Type","Value":"text/html"},{"Name":"ETag","Value":"\"N904A5CLSOMqosaCJYRcIXgJ/yCRDUVi3rU7NR8K/YA=\""},{"Name":"Last-Modified","Value":"Sun, 22 Feb 2026 03:40:54 GMT"}],"EndpointProperties":[{"Name":"fingerprint","Value":"z5ue9xk5ks"},{"Name":"integrity","Value":"sha256-N904A5CLSOMqosaCJYRcIXgJ/yCRDUVi3rU7NR8K/YA="},{"Name":"label","Value":"contact.html"}]},{"Route":"contact.z5ue9xk5ks.html.gz","AssetFile":"contact.html.gz","Selectors":[],"ResponseHeaders":[{"Name":"Accept-Ranges","Value":"bytes"},{"Name":"Cache-Control","Value":"max-age=31536000, immutable"},{"Name":"Content-Encoding","Value":"gzip"},{"Name":"Content-Length","Value":"2967"},{"Name":"Content-Type","Value":"text/html"},{"Name":"ETag","Value":"\"dydOZi4KaKK1rViEaSb3n3h3llvyorVa+WUjjEI9Tg4=\""},{"Name":"Last-Modified","Value":"Thu, 26 Feb 2026 00:31:43 GMT"},{"Name":"Vary","Value":"Content-Encoding"}],"EndpointProperties":[{"Name":"fingerprint","Value":"z5ue9xk5ks"},{"Name":"integrity","Value":"sha256-dydOZi4KaKK1rViEaSb3n3h3llvyorVa+WUjjEI9Tg4="},{"Name":"label","Value":"contact.html.gz"}]},{"Route":"dashboard.141o6kts9i.html","AssetFile":"dashboard.html.gz","Selectors":[{"Name":"Content-Encoding","Value":"gzip","Quality":"0.000525210084"}],"ResponseHeaders":[{"Name":"Accept-Ranges","Value":"bytes"},{"Name":"Cache-Control","Value":"max-age=31536000, immutable"},{"Name":"Content-Encoding","Value":"gzip"},{"Name":"Content-Length","Value":"1903"},{"Name":"Content-Type","Value":"text/html"},{"Name":"ETag","Value":"\"iTB+1EiTioNbAsYoGSqKZDU4G4LkOeq8s4ZevZLbS10=\""},{"Name":"ETag","Value":"W/\"oYFUmbpNwhA5QKECJbwhcE68XQyJHolxOZoC8VPuyCo=\""},{"Name":"Last-Modified","Value":"Thu, 26 Feb 2026 01:42:06 GMT"},{"Name":"Vary","Value":"Content-Encoding"}],"EndpointProperties":[{"Name":"fingerprint","Value":"141o6kts9i"},{"Name":"integrity","Value":"sha256-oYFUmbpNwhA5QKECJbwhcE68XQyJHolxOZoC8VPuyCo="},{"Name":"label","Value":"dashboard.html"}]},{"Route":"dashboard.141o6kts9i.html","AssetFile":"dashboard.html","Selectors":[],"ResponseHeaders":[{"Name":"Accept-Ranges","Value":"bytes"},{"Name":"Cache-Control","Value":"max-age=31536000, immutable"},{"Name":"Content-Length","Value":"6764"},{"Name":"Content-Type","Value":"text/html"},{"Name":"ETag","Value":"\"oYFUmbpNwhA5QKECJbwhcE68XQyJHolxOZoC8VPuyCo=\""},{"Name":"Last-Modified","Value":"Thu, 26 Feb 2026 01:29:28 GMT"}],"EndpointProperties":[{"Name":"fingerprint","Value":"141o6kts9i"},{"Name":"integrity","Value":"sha256-oYFUmbpNwhA5QKECJbwhcE68XQyJHolxOZoC8VPuyCo="},{"Name":"label","Value":"dashboard.html"}]},{"Route":"dashboard.141o6kts9i.html.gz","AssetFile":"dashboard.html.gz","Selectors":[],"ResponseHeaders":[{"Name":"Accept-Ranges","Value":"bytes"},{"Name":"Cache-Control","Value":"max-age=31536000, immutable"},{"Name":"Content-Encoding","Value":"gzip"},{"Name":"Content-Length","Value":"1903"},{"Name":"Content-Type","Value":"text/html"},{"Name":"ETag","Value":"\"iTB+1EiTioNbAsYoGSqKZDU4G4LkOeq8s4ZevZLbS10=\""},{"Name":"Last-Modified","Value":"Thu, 26 Feb 2026 01:42:06 GMT"},{"Name":"Vary","Value":"Content-Encoding"}],"EndpointProperties":[{"Name":"fingerprint","Value":"141o6kts9i"},{"Name":"integrity","Value":"sha256-iTB+1EiTioNbAsYoGSqKZDU4G4LkOeq8s4ZevZLbS10="},{"Name":"label","Value":"dashboard.html.gz"}]},{"Route":"dashboard.html","AssetFile":"dashboard.html.gz","Selectors":[{"Name":"Content-Encoding","Value":"gzip","Quality":"0.000525210084"}],"ResponseHeaders":[{"Name":"Accept-Ranges","Value":"bytes"},{"Name":"Cache-Control","Value":"no-cache"},{"Name":"Content-Encoding","Value":"gzip"},{"Name":"Content-Length","Value":"1903"},{"Name":"Content-Type","Value":"text/html"},{"Name":"ETag","Value":"\"iTB+1EiTioNbAsYoGSqKZDU4G4LkOeq8s4ZevZLbS10=\""},{"Name":"ETag","Value":"W/\"oYFUmbpNwhA5QKECJbwhcE68XQyJHolxOZoC8VPuyCo=\""},{"Name":"Last-Modified","Value":"Thu, 26 Feb 2026 01:42:06 GMT"},{"Name":"Vary","Value":"Content-Encoding"}],"EndpointProperties":[{"Name":"integrity","Value":"sha256-oYFUmbpNwhA5QKECJbwhcE68XQyJHolxOZoC8VPuyCo="}]},{"Route":"dashboard.html","AssetFile":"dashboard.html","Selectors":[],"ResponseHeaders":[{"Name":"Accept-Ranges","Value":"bytes"},{"Name":"Cache-Control","Value":"no-cache"},{"Name":"Content-Length","Value":"6764"},{"Name":"Content-Type","Value":"text/html"},{"Name":"ETag","Value":"\"oYFUmbpNwhA5QKECJbwhcE68XQyJHolxOZoC8VPuyCo=\""},{"Name":"Last-Modified","Value":"Thu, 26 Feb 2026 01:29:28 GMT"}],"EndpointProperties":[{"Name":"integrity","Value":"sha256-oYFUmbpNwhA5QKECJbwhcE68XQyJHolxOZoC8VPuyCo="}]},{"Route":"dashboard.html.gz","AssetFile":"dashboard.html.gz","Selectors":[],"ResponseHeaders":[{"Name":"Accept-Ranges","Value":"bytes"},{"Name":"Cache-Control","Value":"no-cache"},{"Name":"Content-Encoding","Value":"gzip"},{"Name":"Content-Length","Value":"1903"},{"Name":"Content-Type","Value":"text/html"},{"Name":"ETag","Value":"\"iTB+1EiTioNbAsYoGSqKZDU4G4LkOeq8s4ZevZLbS10=\""},{"Name":"Last-Modified","Value":"Thu, 26 Feb 2026 01:42:06 GMT"},{"Name":"Vary","Value":"Content-Encoding"}],"EndpointProperties":[{"Name":"integrity","Value":"sha256-iTB+1EiTioNbAsYoGSqKZDU4G4LkOeq8s4ZevZLbS10="}]},{"Route":"demo-secure.html","AssetFile":"demo-secure.html.gz","Selectors":[{"Name":"Content-Encoding","Value":"gzip","Quality":"0.000108932462"}],"ResponseHeaders":[{"Name":"Accept-Ranges","Value":"bytes"},{"Name":"Cache-Control","Value":"no-cache"},{"Name":"Content-Encoding","Value":"gzip"},{"Name":"Content-Length","Value":"9179"},{"Name":"Content-Type","Value":"text/html"},{"Name":"ETag","Value":"\"doCEfs9x6aiXFLPTkvGVDQo92cQadYb+h/PuRWRz4ZU=\""},{"Name":"ETag","Value":"W/\"sWApFRN5ONS7lulpMCy9+vZur/cZuQK6eBzCaRI/sz4=\""},{"Name":"Last-Modified","Value":"Thu, 26 Feb 2026 01:42:06 GMT"},{"Name":"Vary","Value":"Content-Encoding"}],"EndpointProperties":[{"Name":"integrity","Value":"sha256-sWApFRN5ONS7lulpMCy9+vZur/cZuQK6eBzCaRI/sz4="}]},{"Route":"demo-secure.html","AssetFile":"demo-secure.html","Selectors":[],"ResponseHeaders":[{"Name":"Accept-Ranges","Value":"bytes"},{"Name":"Cache-Control","Value":"no-cache"},{"Name":"Content-Length","Value":"40360"},{"Name":"Content-Type","Value":"text/html"},{"Name":"ETag","Value":"\"sWApFRN5ONS7lulpMCy9+vZur/cZuQK6eBzCaRI/sz4=\""},{"Name":"Last-Modified","Value":"Thu, 26 Feb 2026 01:29:28 GMT"}],"EndpointProperties":[{"Name":"integrity","Value":"sha256-sWApFRN5ONS7lulpMCy9+vZur/cZuQK6eBzCaRI/sz4="}]},{"Route":"demo-secure.html.gz","AssetFile":"demo-secure.html.gz","Selectors":[],"ResponseHeaders":[{"Name":"Accept-Ranges","Value":"bytes"},{"Name":"Cache-Control","Value":"no-cache"},{"Name":"Content-Encoding","Value":"gzip"},{"Name":"Content-Length","Value":"9179"},{"Name":"Content-Type","Value":"text/html"},{"Name":"ETag","Value":"\"doCEfs9x6aiXFLPTkvGVDQo92cQadYb+h/PuRWRz4ZU=\""},{"Name":"Last-Modified","Value":"Thu, 26 Feb 2026 01:42:06 GMT"},{"Name":"Vary","Value":"Content-Encoding"}],"EndpointProperties":[{"Name":"integrity","Value":"sha256-doCEfs9x6aiXFLPTkvGVDQo92cQadYb+h/PuRWRz4ZU="}]},{"Route":"demo-secure.jfygx7pzrb.html","AssetFile":"demo-secure.html.gz","Selectors":[{"Name":"Content-Encoding","Value":"gzip","Quality":"0.000108932462"}],"ResponseHeaders":[{"Name":"Accept-Ranges","Value":"bytes"},{"Name":"Cache-Control","Value":"max-age=31536000, immutable"},{"Name":"Content-Encoding","Value":"gzip"},{"Name":"Content-Length","Value":"9179"},{"Name":"Content-Type","Value":"text/html"},{"Name":"ETag","Value":"\"doCEfs9x6aiXFLPTkvGVDQo92cQadYb+h/PuRWRz4ZU=\""},{"Name":"ETag","Value":"W/\"sWApFRN5ONS7lulpMCy9+vZur/cZuQK6eBzCaRI/sz4=\""},{"Name":"Last-Modified","Value":"Thu, 26 Feb 2026 01:42:06 GMT"},{"Name":"Vary","Value":"Content-Encoding"}],"EndpointProperties":[{"Name":"fingerprint","Value":"jfygx7pzrb"},{"Name":"integrity","Value":"sha256-sWApFRN5ONS7lulpMCy9+vZur/cZuQK6eBzCaRI/sz4="},{"Name":"label","Value":"demo-secure.html"}]},{"Route":"demo-secure.jfygx7pzrb.html","AssetFile":"demo-secure.html","Selectors":[],"ResponseHeaders":[{"Name":"Accept-Ranges","Value":"bytes"},{"Name":"Cache-Control","Value":"max-age=31536000, immutable"},{"Name":"Content-Length","Value":"40360"},{"Name":"Content-Type","Value":"text/html"},{"Name":"ETag","Value":"\"sWApFRN5ONS7lulpMCy9+vZur/cZuQK6eBzCaRI/sz4=\""},{"Name":"Last-Modified","Value":"Thu, 26 Feb 2026 01:29:28 GMT"}],"EndpointProperties":[{"Name":"fingerprint","Value":"jfygx7pzrb"},{"Name":"integrity","Value":"sha256-sWApFRN5ONS7lulpMCy9+vZur/cZuQK6eBzCaRI/sz4="},{"Name":"label","Value":"demo-secure.html"}]},{"Route":"demo-secure.jfygx7pzrb.html.gz","AssetFile":"demo-secure.html.gz","Selectors":[],"ResponseHeaders":[{"Name":"Accept-Ranges","Value":"bytes"},{"Name":"Cache-Control","Value":"max-age=31536000, immutable"},{"Name":"Content-Encoding","Value":"gzip"},{"Name":"Content-Length","Value":"9179"},{"Name":"Content-Type","Value":"text/html"},{"Name":"ETag","Value":"\"doCEfs9x6aiXFLPTkvGVDQo92cQadYb+h/PuRWRz4ZU=\""},{"Name":"Last-Modified","Value":"Thu, 26 Feb 2026 01:42:06 GMT"},{"Name":"Vary","Value":"Content-Encoding"}],"EndpointProperties":[{"Name":"fingerprint","Value":"jfygx7pzrb"},{"Name":"integrity","Value":"sha256-doCEfs9x6aiXFLPTkvGVDQo92cQadYb+h/PuRWRz4ZU="},{"Name":"label","Value":"demo-secure.html.gz"}]},{"Route":"demo-vente.html","AssetFile":"demo-vente.html.gz","Selectors":[{"Name":"Content-Encoding","Value":"gzip","Quality":"0.000204876050"}],"ResponseHeaders":[{"Name":"Accept-Ranges","Value":"bytes"},{"Name":"Cache-Control","Value":"no-cache"},{"Name":"Content-Encoding","Value":"gzip"},{"Name":"Content-Length","Value":"4880"},{"Name":"Content-Type","Value":"text/html"},{"Name":"ETag","Value":"\"CTY7ltZYgc6JVgW+/u5PG3pIv+k3yYlnn42Q2LlId4k=\""},{"Name":"ETag","Value":"W/\"6m6+Vi3oCey2i02yWzYbkI3olMpeAcRqwAcMGcXvpYI=\""},{"Name":"Last-Modified","Value":"Thu, 26 Feb 2026 01:42:06 GMT"},{"Name":"Vary","Value":"Content-Encoding"}],"EndpointProperties":[{"Name":"integrity","Value":"sha256-6m6+Vi3oCey2i02yWzYbkI3olMpeAcRqwAcMGcXvpYI="}]},{"Route":"demo-vente.html","AssetFile":"demo-vente.html","Selectors":[],"ResponseHeaders":[{"Name":"Accept-Ranges","Value":"bytes"},{"Name":"Cache-Control","Value":"no-cache"},{"Name":"Content-Length","Value":"23514"},{"Name":"Content-Type","Value":"text/html"},{"Name":"ETag","Value":"\"6m6+Vi3oCey2i02yWzYbkI3olMpeAcRqwAcMGcXvpYI=\""},{"Name":"Last-Modified","Value":"Thu, 26 Feb 2026 01:41:02 GMT"}],"EndpointProperties":[{"Name":"integrity","Value":"sha256-6m6+Vi3oCey2i02yWzYbkI3olMpeAcRqwAcMGcXvpYI="}]},{"Route":"demo-vente.html.gz","AssetFile":"demo-vente.html.gz","Selectors":[],"ResponseHeaders":[{"Name":"Accept-Ranges","Value":"bytes"},{"Name":"Cache-Control","Value":"no-cache"},{"Name":"Content-Encoding","Value":"gzip"},{"Name":"Content-Length","Value":"4880"},{"Name":"Content-Type","Value":"text/html"},{"Name":"ETag","Value":"\"CTY7ltZYgc6JVgW+/u5PG3pIv+k3yYlnn42Q2LlId4k=\""},{"Name":"Last-Modified","Value":"Thu, 26 Feb 2026 01:42:06 GMT"},{"Name":"Vary","Value":"Content-Encoding"}],"EndpointProperties":[{"Name":"integrity","Value":"sha256-CTY7ltZYgc6JVgW+/u5PG3pIv+k3yYlnn42Q2LlId4k="}]},{"Route":"demo-vente.i5pblm7esu.html","AssetFile":"demo-vente.html.gz","Selectors":[{"Name":"Content-Encoding","Value":"gzip","Quality":"0.000204876050"}],"ResponseHeaders":[{"Name":"Accept-Ranges","Value":"bytes"},{"Name":"Cache-Control","Value":"max-age=31536000, immutable"},{"Name":"Content-Encoding","Value":"gzip"},{"Name":"Content-Length","Value":"4880"},{"Name":"Content-Type","Value":"text/html"},{"Name":"ETag","Value":"\"CTY7ltZYgc6JVgW+/u5PG3pIv+k3yYlnn42Q2LlId4k=\""},{"Name":"ETag","Value":"W/\"6m6+Vi3oCey2i02yWzYbkI3olMpeAcRqwAcMGcXvpYI=\""},{"Name":"Last-Modified","Value":"Thu, 26 Feb 2026 01:42:06 GMT"},{"Name":"Vary","Value":"Content-Encoding"}],"EndpointProperties":[{"Name":"fingerprint","Value":"i5pblm7esu"},{"Name":"integrity","Value":"sha256-6m6+Vi3oCey2i02yWzYbkI3olMpeAcRqwAcMGcXvpYI="},{"Name":"label","Value":"demo-vente.html"}]},{"Route":"demo-vente.i5pblm7esu.html","AssetFile":"demo-vente.html","Selectors":[],"ResponseHeaders":[{"Name":"Accept-Ranges","Value":"bytes"},{"Name":"Cache-Control","Value":"max-age=31536000, immutable"},{"Name":"Content-Length","Value":"23514"},{"Name":"Content-Type","Value":"text/html"},{"Name":"ETag","Value":"\"6m6+Vi3oCey2i02yWzYbkI3olMpeAcRqwAcMGcXvpYI=\""},{"Name":"Last-Modified","Value":"Thu, 26 Feb 2026 01:41:02 GMT"}],"EndpointProperties":[{"Name":"fingerprint","Value":"i5pblm7esu"},{"Name":"integrity","Value":"sha256-6m6+Vi3oCey2i02yWzYbkI3olMpeAcRqwAcMGcXvpYI="},{"Name":"label","Value":"demo-vente.html"}]},{"Route":"demo-vente.i5pblm7esu.html.gz","AssetFile":"demo-vente.html.gz","Selectors":[],"ResponseHeaders":[{"Name":"Accept-Ranges","Value":"bytes"},{"Name":"Cache-Control","Value":"max-age=31536000, immutable"},{"Name":"Content-Encoding","Value":"gzip"},{"Name":"Content-Length","Value":"4880"},{"Name":"Content-Type","Value":"text/html"},{"Name":"ETag","Value":"\"CTY7ltZYgc6JVgW+/u5PG3pIv+k3yYlnn42Q2LlId4k=\""},{"Name":"Last-Modified","Value":"Thu, 26 Feb 2026 01:42:06 GMT"},{"Name":"Vary","Value":"Content-Encoding"}],"EndpointProperties":[{"Name":"fingerprint","Value":"i5pblm7esu"},{"Name":"integrity","Value":"sha256-CTY7ltZYgc6JVgW+/u5PG3pIv+k3yYlnn42Q2LlId4k="},{"Name":"label","Value":"demo-vente.html.gz"}]},{"Route":"demo.hrynh1jzab.html","AssetFile":"demo.html.gz","Selectors":[{"Name":"Content-Encoding","Value":"gzip","Quality":"0.000031445552"}],"ResponseHeaders":[{"Name":"Accept-Ranges","Value":"bytes"},{"Name":"Cache-Control","Value":"max-age=31536000, immutable"},{"Name":"Content-Encoding","Value":"gzip"},{"Name":"Content-Length","Value":"31800"},{"Name":"Content-Type","Value":"text/html"},{"Name":"ETag","Value":"\"0O9s0V9g9dEhAtf7rgu4J1z2MFYicFsDZu8trvpQ7Xs=\""},{"Name":"ETag","Value":"W/\"vVS2ToqunQBQyaPpc+TU0rZdGAvfkGk1/Aed/f1B5Hw=\""},{"Name":"Last-Modified","Value":"Thu, 26 Feb 2026 01:42:06 GMT"},{"Name":"Vary","Value":"Content-Encoding"}],"EndpointProperties":[{"Name":"fingerprint","Value":"hrynh1jzab"},{"Name":"integrity","Value":"sha256-vVS2ToqunQBQyaPpc+TU0rZdGAvfkGk1/Aed/f1B5Hw="},{"Name":"label","Value":"demo.html"}]},{"Route":"demo.hrynh1jzab.html","AssetFile":"demo.html","Selectors":[],"ResponseHeaders":[{"Name":"Accept-Ranges","Value":"bytes"},{"Name":"Cache-Control","Value":"max-age=31536000, immutable"},{"Name":"Content-Length","Value":"178138"},{"Name":"Content-Type","Value":"text/html"},{"Name":"ETag","Value":"\"vVS2ToqunQBQyaPpc+TU0rZdGAvfkGk1/Aed/f1B5Hw=\""},{"Name":"Last-Modified","Value":"Thu, 26 Feb 2026 01:39:55 GMT"}],"EndpointProperties":[{"Name":"fingerprint","Value":"hrynh1jzab"},{"Name":"integrity","Value":"sha256-vVS2ToqunQBQyaPpc+TU0rZdGAvfkGk1/Aed/f1B5Hw="},{"Name":"label","Value":"demo.html"}]},{"Route":"demo.hrynh1jzab.html.gz","AssetFile":"demo.html.gz","Selectors":[],"ResponseHeaders":[{"Name":"Accept-Ranges","Value":"bytes"},{"Name":"Cache-Control","Value":"max-age=31536000, immutable"},{"Name":"Content-Encoding","Value":"gzip"},{"Name":"Content-Length","Value":"31800"},{"Name":"Content-Type","Value":"text/html"},{"Name":"ETag","Value":"\"0O9s0V9g9dEhAtf7rgu4J1z2MFYicFsDZu8trvpQ7Xs=\""},{"Name":"Last-Modified","Value":"Thu, 26 Feb 2026 01:42:06 GMT"},{"Name":"Vary","Value":"Content-Encoding"}],"EndpointProperties":[{"Name":"fingerprint","Value":"hrynh1jzab"},{"Name":"integrity","Value":"sha256-0O9s0V9g9dEhAtf7rgu4J1z2MFYicFsDZu8trvpQ7Xs="},{"Name":"label","Value":"demo.html.gz"}]},{"Route":"demo.html","AssetFile":"demo.html.gz","Selectors":[{"Name":"Content-Encoding","Value":"gzip","Quality":"0.000031445552"}],"ResponseHeaders":[{"Name":"Accept-Ranges","Value":"bytes"},{"Name":"Cache-Control","Value":"no-cache"},{"Name":"Content-Encoding","Value":"gzip"},{"Name":"Content-Length","Value":"31800"},{"Name":"Content-Type","Value":"text/html"},{"Name":"ETag","Value":"\"0O9s0V9g9dEhAtf7rgu4J1z2MFYicFsDZu8trvpQ7Xs=\""},{"Name":"ETag","Value":"W/\"vVS2ToqunQBQyaPpc+TU0rZdGAvfkGk1/Aed/f1B5Hw=\""},{"Name":"Last-Modified","Value":"Thu, 26 Feb 2026 01:42:06 GMT"},{"Name":"Vary","Value":"Content-Encoding"}],"EndpointProperties":[{"Name":"integrity","Value":"sha256-vVS2ToqunQBQyaPpc+TU0rZdGAvfkGk1/Aed/f1B5Hw="}]},{"Route":"demo.html","AssetFile":"demo.html","Selectors":[],"ResponseHeaders":[{"Name":"Accept-Ranges","Value":"bytes"},{"Name":"Cache-Control","Value":"no-cache"},{"Name":"Content-Length","Value":"178138"},{"Name":"Content-Type","Value":"text/html"},{"Name":"ETag","Value":"\"vVS2ToqunQBQyaPpc+TU0rZdGAvfkGk1/Aed/f1B5Hw=\""},{"Name":"Last-Modified","Value":"Thu, 26 Feb 2026 01:39:55 GMT"}],"EndpointProperties":[{"Name":"integrity","Value":"sha256-vVS2ToqunQBQyaPpc+TU0rZdGAvfkGk1/Aed/f1B5Hw="}]},{"Route":"demo.html.gz","AssetFile":"demo.html.gz","Selectors":[],"ResponseHeaders":[{"Name":"Accept-Ranges","Value":"bytes"},{"Name":"Cache-Control","Value":"no-cache"},{"Name":"Content-Encoding","Value":"gzip"},{"Name":"Content-Length","Value":"31800"},{"Name":"Content-Type","Value":"text/html"},{"Name":"ETag","Value":"\"0O9s0V9g9dEhAtf7rgu4J1z2MFYicFsDZu8trvpQ7Xs=\""},{"Name":"Last-Modified","Value":"Thu, 26 Feb 2026 01:42:06 GMT"},{"Name":"Vary","Value":"Content-Encoding"}],"EndpointProperties":[{"Name":"integrity","Value":"sha256-0O9s0V9g9dEhAtf7rgu4J1z2MFYicFsDZu8trvpQ7Xs="}]},{"Route":"email-setup.html","AssetFile":"email-setup.html.gz","Selectors":[{"Name":"Content-Encoding","Value":"gzip","Quality":"0.000367782273"}],"ResponseHeaders":[{"Name":"Accept-Ranges","Value":"bytes"},{"Name":"Cache-Control","Value":"no-cache"},{"Name":"Content-Encoding","Value":"gzip"},{"Name":"Content-Length","Value":"2718"},{"Name":"Content-Type","Value":"text/html"},{"Name":"ETag","Value":"\"riAAQkzgZmKw5GQXxb8LT6Mg3aFLmaG/zmiZuAiojxU=\""},{"Name":"ETag","Value":"W/\"vWaSSP3wjBTZ7FxD+sbMLl/1SZ1kQDPgclRvsZetkFg=\""},{"Name":"Last-Modified","Value":"Thu, 26 Feb 2026 00:31:43 GMT"},{"Name":"Vary","Value":"Content-Encoding"}],"EndpointProperties":[{"Name":"integrity","Value":"sha256-vWaSSP3wjBTZ7FxD+sbMLl/1SZ1kQDPgclRvsZetkFg="}]},{"Route":"email-setup.html","AssetFile":"email-setup.html","Selectors":[],"ResponseHeaders":[{"Name":"Accept-Ranges","Value":"bytes"},{"Name":"Cache-Control","Value":"no-cache"},{"Name":"Content-Length","Value":"9664"},{"Name":"Content-Type","Value":"text/html"},{"Name":"ETag","Value":"\"vWaSSP3wjBTZ7FxD+sbMLl/1SZ1kQDPgclRvsZetkFg=\""},{"Name":"Last-Modified","Value":"Wed, 25 Feb 2026 22:26:43 GMT"}],"EndpointProperties":[{"Name":"integrity","Value":"sha256-vWaSSP3wjBTZ7FxD+sbMLl/1SZ1kQDPgclRvsZetkFg="}]},{"Route":"email-setup.html.gz","AssetFile":"email-setup.html.gz","Selectors":[],"ResponseHeaders":[{"Name":"Accept-Ranges","Value":"bytes"},{"Name":"Cache-Control","Value":"no-cache"},{"Name":"Content-Encoding","Value":"gzip"},{"Name":"Content-Length","Value":"2718"},{"Name":"Content-Type","Value":"text/html"},{"Name":"ETag","Value":"\"riAAQkzgZmKw5GQXxb8LT6Mg3aFLmaG/zmiZuAiojxU=\""},{"Name":"Last-Modified","Value":"Thu, 26 Feb 2026 00:31:43 GMT"},{"Name":"Vary","Value":"Content-Encoding"}],"EndpointProperties":[{"Name":"integrity","Value":"sha256-riAAQkzgZmKw5GQXxb8LT6Mg3aFLmaG/zmiZuAiojxU="}]},{"Route":"email-setup.zg6aawx2c6.html","AssetFile":"email-setup.html.gz","Selectors":[{"Name":"Content-Encoding","Value":"gzip","Quality":"0.000367782273"}],"ResponseHeaders":[{"Name":"Accept-Ranges","Value":"bytes"},{"Name":"Cache-Control","Value":"max-age=31536000, immutable"},{"Name":"Content-Encoding","Value":"gzip"},{"Name":"Content-Length","Value":"2718"},{"Name":"Content-Type","Value":"text/html"},{"Name":"ETag","Value":"\"riAAQkzgZmKw5GQXxb8LT6Mg3aFLmaG/zmiZuAiojxU=\""},{"Name":"ETag","Value":"W/\"vWaSSP3wjBTZ7FxD+sbMLl/1SZ1kQDPgclRvsZetkFg=\""},{"Name":"Last-Modified","Value":"Thu, 26 Feb 2026 00:31:43 GMT"},{"Name":"Vary","Value":"Content-Encoding"}],"EndpointProperties":[{"Name":"fingerprint","Value":"zg6aawx2c6"},{"Name":"integrity","Value":"sha256-vWaSSP3wjBTZ7FxD+sbMLl/1SZ1kQDPgclRvsZetkFg="},{"Name":"label","Value":"email-setup.html"}]},{"Route":"email-setup.zg6aawx2c6.html","AssetFile":"email-setup.html","Selectors":[],"ResponseHeaders":[{"Name":"Accept-Ranges","Value":"bytes"},{"Name":"Cache-Control","Value":"max-age=31536000, immutable"},{"Name":"Content-Length","Value":"9664"},{"Name":"Content-Type","Value":"text/html"},{"Name":"ETag","Value":"\"vWaSSP3wjBTZ7FxD+sbMLl/1SZ1kQDPgclRvsZetkFg=\""},{"Name":"Last-Modified","Value":"Wed, 25 Feb 2026 22:26:43 GMT"}],"EndpointProperties":[{"Name":"fingerprint","Value":"zg6aawx2c6"},{"Name":"integrity","Value":"sha256-vWaSSP3wjBTZ7FxD+sbMLl/1SZ1kQDPgclRvsZetkFg="},{"Name":"label","Value":"email-setup.html"}]},{"Route":"email-setup.zg6aawx2c6.html.gz","AssetFile":"email-setup.html.gz","Selectors":[],"ResponseHeaders":[{"Name":"Accept-Ranges","Value":"bytes"},{"Name":"Cache-Control","Value":"max-age=31536000, immutable"},{"Name":"Content-Encoding","Value":"gzip"},{"Name":"Content-Length","Value":"2718"},{"Name":"Content-Type","Value":"text/html"},{"Name":"ETag","Value":"\"riAAQkzgZmKw5GQXxb8LT6Mg3aFLmaG/zmiZuAiojxU=\""},{"Name":"Last-Modified","Value":"Thu, 26 Feb 2026 00:31:43 GMT"},{"Name":"Vary","Value":"Content-Encoding"}],"EndpointProperties":[{"Name":"fingerprint","Value":"zg6aawx2c6"},{"Name":"integrity","Value":"sha256-riAAQkzgZmKw5GQXxb8LT6Mg3aFLmaG/zmiZuAiojxU="},{"Name":"label","Value":"email-setup.html.gz"}]},{"Route":"export.html","AssetFile":"export.html.gz","Selectors":[{"Name":"Content-Encoding","Value":"gzip","Quality":"0.000655307995"}],"ResponseHeaders":[{"Name":"Accept-Ranges","Value":"bytes"},{"Name":"Cache-Control","Value":"no-cache"},{"Name":"Content-Encoding","Value":"gzip"},{"Name":"Content-Length","Value":"1525"},{"Name":"Content-Type","Value":"text/html"},{"Name":"ETag","Value":"\"5SLjC9WRMzbEmyfJgMtycCvgkYuhxC0QCn4mx/6E7bg=\""},{"Name":"ETag","Value":"W/\"1uEX+FVVwdvXOkLNcQlzu4oNqwmTV7KJYffw52jkCho=\""},{"Name":"Last-Modified","Value":"Thu, 26 Feb 2026 00:31:43 GMT"},{"Name":"Vary","Value":"Content-Encoding"}],"EndpointProperties":[{"Name":"integrity","Value":"sha256-1uEX+FVVwdvXOkLNcQlzu4oNqwmTV7KJYffw52jkCho="}]},{"Route":"export.html","AssetFile":"export.html","Selectors":[],"ResponseHeaders":[{"Name":"Accept-Ranges","Value":"bytes"},{"Name":"Cache-Control","Value":"no-cache"},{"Name":"Content-Length","Value":"4689"},{"Name":"Content-Type","Value":"text/html"},{"Name":"ETag","Value":"\"1uEX+FVVwdvXOkLNcQlzu4oNqwmTV7KJYffw52jkCho=\""},{"Name":"Last-Modified","Value":"Sun, 22 Feb 2026 21:44:43 GMT"}],"EndpointProperties":[{"Name":"integrity","Value":"sha256-1uEX+FVVwdvXOkLNcQlzu4oNqwmTV7KJYffw52jkCho="}]},{"Route":"export.html.gz","AssetFile":"export.html.gz","Selectors":[],"ResponseHeaders":[{"Name":"Accept-Ranges","Value":"bytes"},{"Name":"Cache-Control","Value":"no-cache"},{"Name":"Content-Encoding","Value":"gzip"},{"Name":"Content-Length","Value":"1525"},{"Name":"Content-Type","Value":"text/html"},{"Name":"ETag","Value":"\"5SLjC9WRMzbEmyfJgMtycCvgkYuhxC0QCn4mx/6E7bg=\""},{"Name":"Last-Modified","Value":"Thu, 26 Feb 2026 00:31:43 GMT"},{"Name":"Vary","Value":"Content-Encoding"}],"EndpointProperties":[{"Name":"integrity","Value":"sha256-5SLjC9WRMzbEmyfJgMtycCvgkYuhxC0QCn4mx/6E7bg="}]},{"Route":"export.im4fh6hz3x.html","AssetFile":"export.html.gz","Selectors":[{"Name":"Content-Encoding","Value":"gzip","Quality":"0.000655307995"}],"ResponseHeaders":[{"Name":"Accept-Ranges","Value":"bytes"},{"Name":"Cache-Control","Value":"max-age=31536000, immutable"},{"Name":"Content-Encoding","Value":"gzip"},{"Name":"Content-Length","Value":"1525"},{"Name":"Content-Type","Value":"text/html"},{"Name":"ETag","Value":"\"5SLjC9WRMzbEmyfJgMtycCvgkYuhxC0QCn4mx/6E7bg=\""},{"Name":"ETag","Value":"W/\"1uEX+FVVwdvXOkLNcQlzu4oNqwmTV7KJYffw52jkCho=\""},{"Name":"Last-Modified","Value":"Thu, 26 Feb 2026 00:31:43 GMT"},{"Name":"Vary","Value":"Content-Encoding"}],"EndpointProperties":[{"Name":"fingerprint","Value":"im4fh6hz3x"},{"Name":"integrity","Value":"sha256-1uEX+FVVwdvXOkLNcQlzu4oNqwmTV7KJYffw52jkCho="},{"Name":"label","Value":"export.html"}]},{"Route":"export.im4fh6hz3x.html","AssetFile":"export.html","Selectors":[],"ResponseHeaders":[{"Name":"Accept-Ranges","Value":"bytes"},{"Name":"Cache-Control","Value":"max-age=31536000, immutable"},{"Name":"Content-Length","Value":"4689"},{"Name":"Content-Type","Value":"text/html"},{"Name":"ETag","Value":"\"1uEX+FVVwdvXOkLNcQlzu4oNqwmTV7KJYffw52jkCho=\""},{"Name":"Last-Modified","Value":"Sun, 22 Feb 2026 21:44:43 GMT"}],"EndpointProperties":[{"Name":"fingerprint","Value":"im4fh6hz3x"},{"Name":"integrity","Value":"sha256-1uEX+FVVwdvXOkLNcQlzu4oNqwmTV7KJYffw52jkCho="},{"Name":"label","Value":"export.html"}]},{"Route":"export.im4fh6hz3x.html.gz","AssetFile":"export.html.gz","Selectors":[],"ResponseHeaders":[{"Name":"Accept-Ranges","Value":"bytes"},{"Name":"Cache-Control","Value":"max-age=31536000, immutable"},{"Name":"Content-Encoding","Value":"gzip"},{"Name":"Content-Length","Value":"1525"},{"Name":"Content-Type","Value":"text/html"},{"Name":"ETag","Value":"\"5SLjC9WRMzbEmyfJgMtycCvgkYuhxC0QCn4mx/6E7bg=\""},{"Name":"Last-Modified","Value":"Thu, 26 Feb 2026 00:31:43 GMT"},{"Name":"Vary","Value":"Content-Encoding"}],"EndpointProperties":[{"Name":"fingerprint","Value":"im4fh6hz3x"},{"Name":"integrity","Value":"sha256-5SLjC9WRMzbEmyfJgMtycCvgkYuhxC0QCn4mx/6E7bg="},{"Name":"label","Value":"export.html.gz"}]},{"Route":"gdpr-compliance.70g0bsnd1i.html","AssetFile":"gdpr-compliance.html.gz","Selectors":[{"Name":"Content-Encoding","Value":"gzip","Quality":"0.000263019463"}],"ResponseHeaders":[{"Name":"Accept-Ranges","Value":"bytes"},{"Name":"Cache-Control","Value":"max-age=31536000, immutable"},{"Name":"Content-Encoding","Value":"gzip"},{"Name":"Content-Length","Value":"3801"},{"Name":"Content-Type","Value":"text/html"},{"Name":"ETag","Value":"\"vLZyJqYmR7XOK7SiqqFEPCab9//s1E5Iv5QRvCMq3d0=\""},{"Name":"ETag","Value":"W/\"B9yAWiO0fvQhCJS9LZ85Fh6vSZNr1mu/pnjNyR+Gttc=\""},{"Name":"Last-Modified","Value":"Thu, 26 Feb 2026 00:31:43 GMT"},{"Name":"Vary","Value":"Content-Encoding"}],"EndpointProperties":[{"Name":"fingerprint","Value":"70g0bsnd1i"},{"Name":"integrity","Value":"sha256-B9yAWiO0fvQhCJS9LZ85Fh6vSZNr1mu/pnjNyR+Gttc="},{"Name":"label","Value":"gdpr-compliance.html"}]},{"Route":"gdpr-compliance.70g0bsnd1i.html","AssetFile":"gdpr-compliance.html","Selectors":[],"ResponseHeaders":[{"Name":"Accept-Ranges","Value":"bytes"},{"Name":"Cache-Control","Value":"max-age=31536000, immutable"},{"Name":"Content-Length","Value":"15822"},{"Name":"Content-Type","Value":"text/html"},{"Name":"ETag","Value":"\"B9yAWiO0fvQhCJS9LZ85Fh6vSZNr1mu/pnjNyR+Gttc=\""},{"Name":"Last-Modified","Value":"Wed, 25 Feb 2026 22:45:01 GMT"}],"EndpointProperties":[{"Name":"fingerprint","Value":"70g0bsnd1i"},{"Name":"integrity","Value":"sha256-B9yAWiO0fvQhCJS9LZ85Fh6vSZNr1mu/pnjNyR+Gttc="},{"Name":"label","Value":"gdpr-compliance.html"}]},{"Route":"gdpr-compliance.70g0bsnd1i.html.gz","AssetFile":"gdpr-compliance.html.gz","Selectors":[],"ResponseHeaders":[{"Name":"Accept-Ranges","Value":"bytes"},{"Name":"Cache-Control","Value":"max-age=31536000, immutable"},{"Name":"Content-Encoding","Value":"gzip"},{"Name":"Content-Length","Value":"3801"},{"Name":"Content-Type","Value":"text/html"},{"Name":"ETag","Value":"\"vLZyJqYmR7XOK7SiqqFEPCab9//s1E5Iv5QRvCMq3d0=\""},{"Name":"Last-Modified","Value":"Thu, 26 Feb 2026 00:31:43 GMT"},{"Name":"Vary","Value":"Content-Encoding"}],"EndpointProperties":[{"Name":"fingerprint","Value":"70g0bsnd1i"},{"Name":"integrity","Value":"sha256-vLZyJqYmR7XOK7SiqqFEPCab9//s1E5Iv5QRvCMq3d0="},{"Name":"label","Value":"gdpr-compliance.html.gz"}]},{"Route":"gdpr-compliance.html","AssetFile":"gdpr-compliance.html.gz","Selectors":[{"Name":"Content-Encoding","Value":"gzip","Quality":"0.000263019463"}],"ResponseHeaders":[{"Name":"Accept-Ranges","Value":"bytes"},{"Name":"Cache-Control","Value":"no-cache"},{"Name":"Content-Encoding","Value":"gzip"},{"Name":"Content-Length","Value":"3801"},{"Name":"Content-Type","Value":"text/html"},{"Name":"ETag","Value":"\"vLZyJqYmR7XOK7SiqqFEPCab9//s1E5Iv5QRvCMq3d0=\""},{"Name":"ETag","Value":"W/\"B9yAWiO0fvQhCJS9LZ85Fh6vSZNr1mu/pnjNyR+Gttc=\""},{"Name":"Last-Modified","Value":"Thu, 26 Feb 2026 00:31:43 GMT"},{"Name":"Vary","Value":"Content-Encoding"}],"EndpointProperties":[{"Name":"integrity","Value":"sha256-B9yAWiO0fvQhCJS9LZ85Fh6vSZNr1mu/pnjNyR+Gttc="}]},{"Route":"gdpr-compliance.html","AssetFile":"gdpr-compliance.html","Selectors":[],"ResponseHeaders":[{"Name":"Accept-Ranges","Value":"bytes"},{"Name":"Cache-Control","Value":"no-cache"},{"Name":"Content-Length","Value":"15822"},{"Name":"Content-Type","Value":"text/html"},{"Name":"ETag","Value":"\"B9yAWiO0fvQhCJS9LZ85Fh6vSZNr1mu/pnjNyR+Gttc=\""},{"Name":"Last-Modified","Value":"Wed, 25 Feb 2026 22:45:01 GMT"}],"EndpointProperties":[{"Name":"integrity","Value":"sha256-B9yAWiO0fvQhCJS9LZ85Fh6vSZNr1mu/pnjNyR+Gttc="}]},{"Route":"gdpr-compliance.html.gz","AssetFile":"gdpr-compliance.html.gz","Selectors":[],"ResponseHeaders":[{"Name":"Accept-Ranges","Value":"bytes"},{"Name":"Cache-Control","Value":"no-cache"},{"Name":"Content-Encoding","Value":"gzip"},{"Name":"Content-Length","Value":"3801"},{"Name":"Content-Type","Value":"text/html"},{"Name":"ETag","Value":"\"vLZyJqYmR7XOK7SiqqFEPCab9//s1E5Iv5QRvCMq3d0=\""},{"Name":"Last-Modified","Value":"Thu, 26 Feb 2026 00:31:43 GMT"},{"Name":"Vary","Value":"Content-Encoding"}],"EndpointProperties":[{"Name":"integrity","Value":"sha256-vLZyJqYmR7XOK7SiqqFEPCab9//s1E5Iv5QRvCMq3d0="}]},{"Route":"icon.oa6miucfke.svg","AssetFile":"icon.svg.gz","Selectors":[{"Name":"Content-Encoding","Value":"gzip","Quality":"0.002785515320"}],"ResponseHeaders":[{"Name":"Accept-Ranges","Value":"bytes"},{"Name":"Cache-Control","Value":"max-age=31536000, immutable"},{"Name":"Content-Encoding","Value":"gzip"},{"Name":"Content-Length","Value":"358"},{"Name":"Content-Type","Value":"image/svg+xml"},{"Name":"ETag","Value":"\"bK8wIvNd5TSSHtl480sfcK3unZRb5nb6rx3Xm73Gjmk=\""},{"Name":"ETag","Value":"W/\"YNNSbSmj9AhXXt8BjSo5mRI1U7mwRr+GzlECBhVqCoo=\""},{"Name":"Last-Modified","Value":"Thu, 26 Feb 2026 00:31:43 GMT"},{"Name":"Vary","Value":"Content-Encoding"}],"EndpointProperties":[{"Name":"fingerprint","Value":"oa6miucfke"},{"Name":"integrity","Value":"sha256-YNNSbSmj9AhXXt8BjSo5mRI1U7mwRr+GzlECBhVqCoo="},{"Name":"label","Value":"icon.svg"}]},{"Route":"icon.oa6miucfke.svg","AssetFile":"icon.svg","Selectors":[],"ResponseHeaders":[{"Name":"Accept-Ranges","Value":"bytes"},{"Name":"Cache-Control","Value":"max-age=31536000, immutable"},{"Name":"Content-Length","Value":"558"},{"Name":"Content-Type","Value":"image/svg+xml"},{"Name":"ETag","Value":"\"YNNSbSmj9AhXXt8BjSo5mRI1U7mwRr+GzlECBhVqCoo=\""},{"Name":"Last-Modified","Value":"Sun, 22 Feb 2026 00:08:24 GMT"}],"EndpointProperties":[{"Name":"fingerprint","Value":"oa6miucfke"},{"Name":"integrity","Value":"sha256-YNNSbSmj9AhXXt8BjSo5mRI1U7mwRr+GzlECBhVqCoo="},{"Name":"label","Value":"icon.svg"}]},{"Route":"icon.oa6miucfke.svg.gz","AssetFile":"icon.svg.gz","Selectors":[],"ResponseHeaders":[{"Name":"Accept-Ranges","Value":"bytes"},{"Name":"Cache-Control","Value":"max-age=31536000, immutable"},{"Name":"Content-Encoding","Value":"gzip"},{"Name":"Content-Length","Value":"358"},{"Name":"Content-Type","Value":"image/svg+xml"},{"Name":"ETag","Value":"\"bK8wIvNd5TSSHtl480sfcK3unZRb5nb6rx3Xm73Gjmk=\""},{"Name":"Last-Modified","Value":"Thu, 26 Feb 2026 00:31:43 GMT"},{"Name":"Vary","Value":"Content-Encoding"}],"EndpointProperties":[{"Name":"fingerprint","Value":"oa6miucfke"},{"Name":"integrity","Value":"sha256-bK8wIvNd5TSSHtl480sfcK3unZRb5nb6rx3Xm73Gjmk="},{"Name":"label","Value":"icon.svg.gz"}]},{"Route":"icon.svg","AssetFile":"icon.svg.gz","Selectors":[{"Name":"Content-Encoding","Value":"gzip","Quality":"0.002785515320"}],"ResponseHeaders":[{"Name":"Accept-Ranges","Value":"bytes"},{"Name":"Cache-Control","Value":"no-cache"},{"Name":"Content-Encoding","Value":"gzip"},{"Name":"Content-Length","Value":"358"},{"Name":"Content-Type","Value":"image/svg+xml"},{"Name":"ETag","Value":"\"bK8wIvNd5TSSHtl480sfcK3unZRb5nb6rx3Xm73Gjmk=\""},{"Name":"ETag","Value":"W/\"YNNSbSmj9AhXXt8BjSo5mRI1U7mwRr+GzlECBhVqCoo=\""},{"Name":"Last-Modified","Value":"Thu, 26 Feb 2026 00:31:43 GMT"},{"Name":"Vary","Value":"Content-Encoding"}],"EndpointProperties":[{"Name":"integrity","Value":"sha256-YNNSbSmj9AhXXt8BjSo5mRI1U7mwRr+GzlECBhVqCoo="}]},{"Route":"icon.svg","AssetFile":"icon.svg","Selectors":[],"ResponseHeaders":[{"Name":"Accept-Ranges","Value":"bytes"},{"Name":"Cache-Control","Value":"no-cache"},{"Name":"Content-Length","Value":"558"},{"Name":"Content-Type","Value":"image/svg+xml"},{"Name":"ETag","Value":"\"YNNSbSmj9AhXXt8BjSo5mRI1U7mwRr+GzlECBhVqCoo=\""},{"Name":"Last-Modified","Value":"Sun, 22 Feb 2026 00:08:24 GMT"}],"EndpointProperties":[{"Name":"integrity","Value":"sha256-YNNSbSmj9AhXXt8BjSo5mRI1U7mwRr+GzlECBhVqCoo="}]},{"Route":"icon.svg.gz","AssetFile":"icon.svg.gz","Selectors":[],"ResponseHeaders":[{"Name":"Accept-Ranges","Value":"bytes"},{"Name":"Cache-Control","Value":"no-cache"},{"Name":"Content-Encoding","Value":"gzip"},{"Name":"Content-Length","Value":"358"},{"Name":"Content-Type","Value":"image/svg+xml"},{"Name":"ETag","Value":"\"bK8wIvNd5TSSHtl480sfcK3unZRb5nb6rx3Xm73Gjmk=\""},{"Name":"Last-Modified","Value":"Thu, 26 Feb 2026 00:31:43 GMT"},{"Name":"Vary","Value":"Content-Encoding"}],"EndpointProperties":[{"Name":"integrity","Value":"sha256-bK8wIvNd5TSSHtl480sfcK3unZRb5nb6rx3Xm73Gjmk="}]},{"Route":"index.html","AssetFile":"index.html.gz","Selectors":[{"Name":"Content-Encoding","Value":"gzip","Quality":"0.005291005291"}],"ResponseHeaders":[{"Name":"Accept-Ranges","Value":"bytes"},{"Name":"Cache-Control","Value":"no-cache"},{"Name":"Content-Encoding","Value":"gzip"},{"Name":"Content-Length","Value":"188"},{"Name":"Content-Type","Value":"text/html"},{"Name":"ETag","Value":"\"K9lwL9d/pTPsrDZf8CJoLOt6Wz5wDlRsSmfI/m9HSgY=\""},{"Name":"ETag","Value":"W/\"XeaGTNxGps1dAJP2ZWG9skV9GqSqKsocCrcKK5Lz0EA=\""},{"Name":"Last-Modified","Value":"Thu, 26 Feb 2026 00:31:43 GMT"},{"Name":"Vary","Value":"Content-Encoding"}],"EndpointProperties":[{"Name":"integrity","Value":"sha256-XeaGTNxGps1dAJP2ZWG9skV9GqSqKsocCrcKK5Lz0EA="}]},{"Route":"index.html","AssetFile":"index.html","Selectors":[],"ResponseHeaders":[{"Name":"Accept-Ranges","Value":"bytes"},{"Name":"Cache-Control","Value":"no-cache"},{"Name":"Content-Length","Value":"261"},{"Name":"Content-Type","Value":"text/html"},{"Name":"ETag","Value":"\"XeaGTNxGps1dAJP2ZWG9skV9GqSqKsocCrcKK5Lz0EA=\""},{"Name":"Last-Modified","Value":"Sun, 22 Feb 2026 03:38:07 GMT"}],"EndpointProperties":[{"Name":"integrity","Value":"sha256-XeaGTNxGps1dAJP2ZWG9skV9GqSqKsocCrcKK5Lz0EA="}]},{"Route":"index.html.gz","AssetFile":"index.html.gz","Selectors":[],"ResponseHeaders":[{"Name":"Accept-Ranges","Value":"bytes"},{"Name":"Cache-Control","Value":"no-cache"},{"Name":"Content-Encoding","Value":"gzip"},{"Name":"Content-Length","Value":"188"},{"Name":"Content-Type","Value":"text/html"},{"Name":"ETag","Value":"\"K9lwL9d/pTPsrDZf8CJoLOt6Wz5wDlRsSmfI/m9HSgY=\""},{"Name":"Last-Modified","Value":"Thu, 26 Feb 2026 00:31:43 GMT"},{"Name":"Vary","Value":"Content-Encoding"}],"EndpointProperties":[{"Name":"integrity","Value":"sha256-K9lwL9d/pTPsrDZf8CJoLOt6Wz5wDlRsSmfI/m9HSgY="}]},{"Route":"index.lys7czuema.html","AssetFile":"index.html.gz","Selectors":[{"Name":"Content-Encoding","Value":"gzip","Quality":"0.005291005291"}],"ResponseHeaders":[{"Name":"Accept-Ranges","Value":"bytes"},{"Name":"Cache-Control","Value":"max-age=31536000, immutable"},{"Name":"Content-Encoding","Value":"gzip"},{"Name":"Content-Length","Value":"188"},{"Name":"Content-Type","Value":"text/html"},{"Name":"ETag","Value":"\"K9lwL9d/pTPsrDZf8CJoLOt6Wz5wDlRsSmfI/m9HSgY=\""},{"Name":"ETag","Value":"W/\"XeaGTNxGps1dAJP2ZWG9skV9GqSqKsocCrcKK5Lz0EA=\""},{"Name":"Last-Modified","Value":"Thu, 26 Feb 2026 00:31:43 GMT"},{"Name":"Vary","Value":"Content-Encoding"}],"EndpointProperties":[{"Name":"fingerprint","Value":"lys7czuema"},{"Name":"integrity","Value":"sha256-XeaGTNxGps1dAJP2ZWG9skV9GqSqKsocCrcKK5Lz0EA="},{"Name":"label","Value":"index.html"}]},{"Route":"index.lys7czuema.html","AssetFile":"index.html","Selectors":[],"ResponseHeaders":[{"Name":"Accept-Ranges","Value":"bytes"},{"Name":"Cache-Control","Value":"max-age=31536000, immutable"},{"Name":"Content-Length","Value":"261"},{"Name":"Content-Type","Value":"text/html"},{"Name":"ETag","Value":"\"XeaGTNxGps1dAJP2ZWG9skV9GqSqKsocCrcKK5Lz0EA=\""},{"Name":"Last-Modified","Value":"Sun, 22 Feb 2026 03:38:07 GMT"}],"EndpointProperties":[{"Name":"fingerprint","Value":"lys7czuema"},{"Name":"integrity","Value":"sha256-XeaGTNxGps1dAJP2ZWG9skV9GqSqKsocCrcKK5Lz0EA="},{"Name":"label","Value":"index.html"}]},{"Route":"index.lys7czuema.html.gz","AssetFile":"index.html.gz","Selectors":[],"ResponseHeaders":[{"Name":"Accept-Ranges","Value":"bytes"},{"Name":"Cache-Control","Value":"max-age=31536000, immutable"},{"Name":"Content-Encoding","Value":"gzip"},{"Name":"Content-Length","Value":"188"},{"Name":"Content-Type","Value":"text/html"},{"Name":"ETag","Value":"\"K9lwL9d/pTPsrDZf8CJoLOt6Wz5wDlRsSmfI/m9HSgY=\""},{"Name":"Last-Modified","Value":"Thu, 26 Feb 2026 00:31:43 GMT"},{"Name":"Vary","Value":"Content-Encoding"}],"EndpointProperties":[{"Name":"fingerprint","Value":"lys7czuema"},{"Name":"integrity","Value":"sha256-K9lwL9d/pTPsrDZf8CJoLOt6Wz5wDlRsSmfI/m9HSgY="},{"Name":"label","Value":"index.html.gz"}]},{"Route":"manifest.pnvkup66ww.webmanifest","AssetFile":"manifest.webmanifest.gz","Selectors":[{"Name":"Content-Encoding","Value":"gzip","Quality":"0.002212389381"}],"ResponseHeaders":[{"Name":"Accept-Ranges","Value":"bytes"},{"Name":"Cache-Control","Value":"max-age=31536000, immutable"},{"Name":"Content-Encoding","Value":"gzip"},{"Name":"Content-Length","Value":"451"},{"Name":"Content-Type","Value":"application/manifest+json"},{"Name":"ETag","Value":"\"Pb0aULzjuCd5RG+JsdNzjmaoxsz8stEHP9iYkwyvaPE=\""},{"Name":"ETag","Value":"W/\"RZ+5Y5qAe7wn6cs+4zB8kiy1rmLNxxzamwtAhD8EDP4=\""},{"Name":"Last-Modified","Value":"Thu, 26 Feb 2026 01:42:06 GMT"},{"Name":"Vary","Value":"Content-Encoding"}],"EndpointProperties":[{"Name":"fingerprint","Value":"pnvkup66ww"},{"Name":"integrity","Value":"sha256-RZ+5Y5qAe7wn6cs+4zB8kiy1rmLNxxzamwtAhD8EDP4="},{"Name":"label","Value":"manifest.webmanifest"}]},{"Route":"manifest.pnvkup66ww.webmanifest","AssetFile":"manifest.webmanifest","Selectors":[],"ResponseHeaders":[{"Name":"Accept-Ranges","Value":"bytes"},{"Name":"Cache-Control","Value":"max-age=31536000, immutable"},{"Name":"Content-Length","Value":"991"},{"Name":"Content-Type","Value":"application/manifest+json"},{"Name":"ETag","Value":"\"RZ+5Y5qAe7wn6cs+4zB8kiy1rmLNxxzamwtAhD8EDP4=\""},{"Name":"Last-Modified","Value":"Thu, 26 Feb 2026 01:29:28 GMT"}],"EndpointProperties":[{"Name":"fingerprint","Value":"pnvkup66ww"},{"Name":"integrity","Value":"sha256-RZ+5Y5qAe7wn6cs+4zB8kiy1rmLNxxzamwtAhD8EDP4="},{"Name":"label","Value":"manifest.webmanifest"}]},{"Route":"manifest.pnvkup66ww.webmanifest.gz","AssetFile":"manifest.webmanifest.gz","Selectors":[],"ResponseHeaders":[{"Name":"Accept-Ranges","Value":"bytes"},{"Name":"Cache-Control","Value":"max-age=31536000, immutable"},{"Name":"Content-Encoding","Value":"gzip"},{"Name":"Content-Length","Value":"451"},{"Name":"Content-Type","Value":"application/manifest+json"},{"Name":"ETag","Value":"\"Pb0aULzjuCd5RG+JsdNzjmaoxsz8stEHP9iYkwyvaPE=\""},{"Name":"Last-Modified","Value":"Thu, 26 Feb 2026 01:42:06 GMT"},{"Name":"Vary","Value":"Content-Encoding"}],"EndpointProperties":[{"Name":"fingerprint","Value":"pnvkup66ww"},{"Name":"integrity","Value":"sha256-Pb0aULzjuCd5RG+JsdNzjmaoxsz8stEHP9iYkwyvaPE="},{"Name":"label","Value":"manifest.webmanifest.gz"}]},{"Route":"manifest.webmanifest","AssetFile":"manifest.webmanifest.gz","Selectors":[{"Name":"Content-Encoding","Value":"gzip","Quality":"0.002212389381"}],"ResponseHeaders":[{"Name":"Accept-Ranges","Value":"bytes"},{"Name":"Cache-Control","Value":"no-cache"},{"Name":"Content-Encoding","Value":"gzip"},{"Name":"Content-Length","Value":"451"},{"Name":"Content-Type","Value":"application/manifest+json"},{"Name":"ETag","Value":"\"Pb0aULzjuCd5RG+JsdNzjmaoxsz8stEHP9iYkwyvaPE=\""},{"Name":"ETag","Value":"W/\"RZ+5Y5qAe7wn6cs+4zB8kiy1rmLNxxzamwtAhD8EDP4=\""},{"Name":"Last-Modified","Value":"Thu, 26 Feb 2026 01:42:06 GMT"},{"Name":"Vary","Value":"Content-Encoding"}],"EndpointProperties":[{"Name":"integrity","Value":"sha256-RZ+5Y5qAe7wn6cs+4zB8kiy1rmLNxxzamwtAhD8EDP4="}]},{"Route":"manifest.webmanifest","AssetFile":"manifest.webmanifest","Selectors":[],"ResponseHeaders":[{"Name":"Accept-Ranges","Value":"bytes"},{"Name":"Cache-Control","Value":"no-cache"},{"Name":"Content-Length","Value":"991"},{"Name":"Content-Type","Value":"application/manifest+json"},{"Name":"ETag","Value":"\"RZ+5Y5qAe7wn6cs+4zB8kiy1rmLNxxzamwtAhD8EDP4=\""},{"Name":"Last-Modified","Value":"Thu, 26 Feb 2026 01:29:28 GMT"}],"EndpointProperties":[{"Name":"integrity","Value":"sha256-RZ+5Y5qAe7wn6cs+4zB8kiy1rmLNxxzamwtAhD8EDP4="}]},{"Route":"manifest.webmanifest.gz","AssetFile":"manifest.webmanifest.gz","Selectors":[],"ResponseHeaders":[{"Name":"Accept-Ranges","Value":"bytes"},{"Name":"Cache-Control","Value":"no-cache"},{"Name":"Content-Encoding","Value":"gzip"},{"Name":"Content-Length","Value":"451"},{"Name":"Content-Type","Value":"application/manifest+json"},{"Name":"ETag","Value":"\"Pb0aULzjuCd5RG+JsdNzjmaoxsz8stEHP9iYkwyvaPE=\""},{"Name":"Last-Modified","Value":"Thu, 26 Feb 2026 01:42:06 GMT"},{"Name":"Vary","Value":"Content-Encoding"}],"EndpointProperties":[{"Name":"integrity","Value":"sha256-Pb0aULzjuCd5RG+JsdNzjmaoxsz8stEHP9iYkwyvaPE="}]},{"Route":"mobile.html","AssetFile":"mobile.html.gz","Selectors":[{"Name":"Content-Encoding","Value":"gzip","Quality":"0.000477326969"}],"ResponseHeaders":[{"Name":"Accept-Ranges","Value":"bytes"},{"Name":"Cache-Control","Value":"no-cache"},{"Name":"Content-Encoding","Value":"gzip"},{"Name":"Content-Length","Value":"2094"},{"Name":"Content-Type","Value":"text/html"},{"Name":"ETag","Value":"\"ju50gbErYLVdE+j0m9rGfYIyptkRc/4z3Rc+OiP2Sx0=\""},{"Name":"ETag","Value":"W/\"pWm+fN/is4micNdENwr0wx/dA0spIlXveXcAxrtz/iw=\""},{"Name":"Last-Modified","Value":"Thu, 26 Feb 2026 00:31:43 GMT"},{"Name":"Vary","Value":"Content-Encoding"}],"EndpointProperties":[{"Name":"integrity","Value":"sha256-pWm+fN/is4micNdENwr0wx/dA0spIlXveXcAxrtz/iw="}]},{"Route":"mobile.html","AssetFile":"mobile.html","Selectors":[],"ResponseHeaders":[{"Name":"Accept-Ranges","Value":"bytes"},{"Name":"Cache-Control","Value":"no-cache"},{"Name":"Content-Length","Value":"8401"},{"Name":"Content-Type","Value":"text/html"},{"Name":"ETag","Value":"\"pWm+fN/is4micNdENwr0wx/dA0spIlXveXcAxrtz/iw=\""},{"Name":"Last-Modified","Value":"Sun, 22 Feb 2026 21:45:08 GMT"}],"EndpointProperties":[{"Name":"integrity","Value":"sha256-pWm+fN/is4micNdENwr0wx/dA0spIlXveXcAxrtz/iw="}]},{"Route":"mobile.html.gz","AssetFile":"mobile.html.gz","Selectors":[],"ResponseHeaders":[{"Name":"Accept-Ranges","Value":"bytes"},{"Name":"Cache-Control","Value":"no-cache"},{"Name":"Content-Encoding","Value":"gzip"},{"Name":"Content-Length","Value":"2094"},{"Name":"Content-Type","Value":"text/html"},{"Name":"ETag","Value":"\"ju50gbErYLVdE+j0m9rGfYIyptkRc/4z3Rc+OiP2Sx0=\""},{"Name":"Last-Modified","Value":"Thu, 26 Feb 2026 00:31:43 GMT"},{"Name":"Vary","Value":"Content-Encoding"}],"EndpointProperties":[{"Name":"integrity","Value":"sha256-ju50gbErYLVdE+j0m9rGfYIyptkRc/4z3Rc+OiP2Sx0="}]},{"Route":"mobile.zukzedamjp.html","AssetFile":"mobile.html.gz","Selectors":[{"Name":"Content-Encoding","Value":"gzip","Quality":"0.000477326969"}],"ResponseHeaders":[{"Name":"Accept-Ranges","Value":"bytes"},{"Name":"Cache-Control","Value":"max-age=31536000, immutable"},{"Name":"Content-Encoding","Value":"gzip"},{"Name":"Content-Length","Value":"2094"},{"Name":"Content-Type","Value":"text/html"},{"Name":"ETag","Value":"\"ju50gbErYLVdE+j0m9rGfYIyptkRc/4z3Rc+OiP2Sx0=\""},{"Name":"ETag","Value":"W/\"pWm+fN/is4micNdENwr0wx/dA0spIlXveXcAxrtz/iw=\""},{"Name":"Last-Modified","Value":"Thu, 26 Feb 2026 00:31:43 GMT"},{"Name":"Vary","Value":"Content-Encoding"}],"EndpointProperties":[{"Name":"fingerprint","Value":"zukzedamjp"},{"Name":"integrity","Value":"sha256-pWm+fN/is4micNdENwr0wx/dA0spIlXveXcAxrtz/iw="},{"Name":"label","Value":"mobile.html"}]},{"Route":"mobile.zukzedamjp.html","AssetFile":"mobile.html","Selectors":[],"ResponseHeaders":[{"Name":"Accept-Ranges","Value":"bytes"},{"Name":"Cache-Control","Value":"max-age=31536000, immutable"},{"Name":"Content-Length","Value":"8401"},{"Name":"Content-Type","Value":"text/html"},{"Name":"ETag","Value":"\"pWm+fN/is4micNdENwr0wx/dA0spIlXveXcAxrtz/iw=\""},{"Name":"Last-Modified","Value":"Sun, 22 Feb 2026 21:45:08 GMT"}],"EndpointProperties":[{"Name":"fingerprint","Value":"zukzedamjp"},{"Name":"integrity","Value":"sha256-pWm+fN/is4micNdENwr0wx/dA0spIlXveXcAxrtz/iw="},{"Name":"label","Value":"mobile.html"}]},{"Route":"mobile.zukzedamjp.html.gz","AssetFile":"mobile.html.gz","Selectors":[],"ResponseHeaders":[{"Name":"Accept-Ranges","Value":"bytes"},{"Name":"Cache-Control","Value":"max-age=31536000, immutable"},{"Name":"Content-Encoding","Value":"gzip"},{"Name":"Content-Length","Value":"2094"},{"Name":"Content-Type","Value":"text/html"},{"Name":"ETag","Value":"\"ju50gbErYLVdE+j0m9rGfYIyptkRc/4z3Rc+OiP2Sx0=\""},{"Name":"Last-Modified","Value":"Thu, 26 Feb 2026 00:31:43 GMT"},{"Name":"Vary","Value":"Content-Encoding"}],"EndpointProperties":[{"Name":"fingerprint","Value":"zukzedamjp"},{"Name":"integrity","Value":"sha256-ju50gbErYLVdE+j0m9rGfYIyptkRc/4z3Rc+OiP2Sx0="},{"Name":"label","Value":"mobile.html.gz"}]},{"Route":"questionnaires.e2h5hu0di7.js","AssetFile":"questionnaires.js.gz","Selectors":[{"Name":"Content-Encoding","Value":"gzip","Quality":"0.000277700639"}],"ResponseHeaders":[{"Name":"Accept-Ranges","Value":"bytes"},{"Name":"Cache-Control","Value":"max-age=31536000, immutable"},{"Name":"Content-Encoding","Value":"gzip"},{"Name":"Content-Length","Value":"3600"},{"Name":"Content-Type","Value":"text/javascript"},{"Name":"ETag","Value":"\"a4jCG7pY4hrfTBN9313cMtb1uvsyGdXTqjfHVtLU300=\""},{"Name":"ETag","Value":"W/\"pg4eagqirMYRwoF9DsptsPYpamwpLrjCNMB6jSUmVkg=\""},{"Name":"Last-Modified","Value":"Thu, 26 Feb 2026 01:42:06 GMT"},{"Name":"Vary","Value":"Content-Encoding"}],"EndpointProperties":[{"Name":"fingerprint","Value":"e2h5hu0di7"},{"Name":"integrity","Value":"sha256-pg4eagqirMYRwoF9DsptsPYpamwpLrjCNMB6jSUmVkg="},{"Name":"label","Value":"questionnaires.js"}]},{"Route":"questionnaires.e2h5hu0di7.js","AssetFile":"questionnaires.js","Selectors":[],"ResponseHeaders":[{"Name":"Accept-Ranges","Value":"bytes"},{"Name":"Cache-Control","Value":"max-age=31536000, immutable"},{"Name":"Content-Length","Value":"13319"},{"Name":"Content-Type","Value":"text/javascript"},{"Name":"ETag","Value":"\"pg4eagqirMYRwoF9DsptsPYpamwpLrjCNMB6jSUmVkg=\""},{"Name":"Last-Modified","Value":"Thu, 26 Feb 2026 01:29:28 GMT"}],"EndpointProperties":[{"Name":"fingerprint","Value":"e2h5hu0di7"},{"Name":"integrity","Value":"sha256-pg4eagqirMYRwoF9DsptsPYpamwpLrjCNMB6jSUmVkg="},{"Name":"label","Value":"questionnaires.js"}]},{"Route":"questionnaires.e2h5hu0di7.js.gz","AssetFile":"questionnaires.js.gz","Selectors":[],"ResponseHeaders":[{"Name":"Accept-Ranges","Value":"bytes"},{"Name":"Cache-Control","Value":"max-age=31536000, immutable"},{"Name":"Content-Encoding","Value":"gzip"},{"Name":"Content-Length","Value":"3600"},{"Name":"Content-Type","Value":"text/javascript"},{"Name":"ETag","Value":"\"a4jCG7pY4hrfTBN9313cMtb1uvsyGdXTqjfHVtLU300=\""},{"Name":"Last-Modified","Value":"Thu, 26 Feb 2026 01:42:06 GMT"},{"Name":"Vary","Value":"Content-Encoding"}],"EndpointProperties":[{"Name":"fingerprint","Value":"e2h5hu0di7"},{"Name":"integrity","Value":"sha256-a4jCG7pY4hrfTBN9313cMtb1uvsyGdXTqjfHVtLU300="},{"Name":"label","Value":"questionnaires.js.gz"}]},{"Route":"questionnaires.js","AssetFile":"questionnaires.js.gz","Selectors":[{"Name":"Content-Encoding","Value":"gzip","Quality":"0.000277700639"}],"ResponseHeaders":[{"Name":"Accept-Ranges","Value":"bytes"},{"Name":"Cache-Control","Value":"no-cache"},{"Name":"Content-Encoding","Value":"gzip"},{"Name":"Content-Length","Value":"3600"},{"Name":"Content-Type","Value":"text/javascript"},{"Name":"ETag","Value":"\"a4jCG7pY4hrfTBN9313cMtb1uvsyGdXTqjfHVtLU300=\""},{"Name":"ETag","Value":"W/\"pg4eagqirMYRwoF9DsptsPYpamwpLrjCNMB6jSUmVkg=\""},{"Name":"Last-Modified","Value":"Thu, 26 Feb 2026 01:42:06 GMT"},{"Name":"Vary","Value":"Content-Encoding"}],"EndpointProperties":[{"Name":"integrity","Value":"sha256-pg4eagqirMYRwoF9DsptsPYpamwpLrjCNMB6jSUmVkg="}]},{"Route":"questionnaires.js","AssetFile":"questionnaires.js","Selectors":[],"ResponseHeaders":[{"Name":"Accept-Ranges","Value":"bytes"},{"Name":"Cache-Control","Value":"no-cache"},{"Name":"Content-Length","Value":"13319"},{"Name":"Content-Type","Value":"text/javascript"},{"Name":"ETag","Value":"\"pg4eagqirMYRwoF9DsptsPYpamwpLrjCNMB6jSUmVkg=\""},{"Name":"Last-Modified","Value":"Thu, 26 Feb 2026 01:29:28 GMT"}],"EndpointProperties":[{"Name":"integrity","Value":"sha256-pg4eagqirMYRwoF9DsptsPYpamwpLrjCNMB6jSUmVkg="}]},{"Route":"questionnaires.js.gz","AssetFile":"questionnaires.js.gz","Selectors":[],"ResponseHeaders":[{"Name":"Accept-Ranges","Value":"bytes"},{"Name":"Cache-Control","Value":"no-cache"},{"Name":"Content-Encoding","Value":"gzip"},{"Name":"Content-Length","Value":"3600"},{"Name":"Content-Type","Value":"text/javascript"},{"Name":"ETag","Value":"\"a4jCG7pY4hrfTBN9313cMtb1uvsyGdXTqjfHVtLU300=\""},{"Name":"Last-Modified","Value":"Thu, 26 Feb 2026 01:42:06 GMT"},{"Name":"Vary","Value":"Content-Encoding"}],"EndpointProperties":[{"Name":"integrity","Value":"sha256-a4jCG7pY4hrfTBN9313cMtb1uvsyGdXTqjfHVtLU300="}]},{"Route":"team-management.cc84clh2cu.html","AssetFile":"team-management.html.gz","Selectors":[{"Name":"Content-Encoding","Value":"gzip","Quality":"0.000311720698"}],"ResponseHeaders":[{"Name":"Accept-Ranges","Value":"bytes"},{"Name":"Cache-Control","Value":"max-age=31536000, immutable"},{"Name":"Content-Encoding","Value":"gzip"},{"Name":"Content-Length","Value":"3207"},{"Name":"Content-Type","Value":"text/html"},{"Name":"ETag","Value":"\"Mn9J3B9K/Bc+QEPPuNvmEgR0Bu6zmiAxZmZvsjR8c5s=\""},{"Name":"ETag","Value":"W/\"xGyJPNBa+TWLutGOK7NtDPxUV2//T5cqoeECloSERRA=\""},{"Name":"Last-Modified","Value":"Thu, 26 Feb 2026 01:04:41 GMT"},{"Name":"Vary","Value":"Content-Encoding"}],"EndpointProperties":[{"Name":"fingerprint","Value":"cc84clh2cu"},{"Name":"integrity","Value":"sha256-xGyJPNBa+TWLutGOK7NtDPxUV2//T5cqoeECloSERRA="},{"Name":"label","Value":"team-management.html"}]},{"Route":"team-management.cc84clh2cu.html","AssetFile":"team-management.html","Selectors":[],"ResponseHeaders":[{"Name":"Accept-Ranges","Value":"bytes"},{"Name":"Cache-Control","Value":"max-age=31536000, immutable"},{"Name":"Content-Length","Value":"13729"},{"Name":"Content-Type","Value":"text/html"},{"Name":"ETag","Value":"\"xGyJPNBa+TWLutGOK7NtDPxUV2//T5cqoeECloSERRA=\""},{"Name":"Last-Modified","Value":"Thu, 26 Feb 2026 00:53:08 GMT"}],"EndpointProperties":[{"Name":"fingerprint","Value":"cc84clh2cu"},{"Name":"integrity","Value":"sha256-xGyJPNBa+TWLutGOK7NtDPxUV2//T5cqoeECloSERRA="},{"Name":"label","Value":"team-management.html"}]},{"Route":"team-management.cc84clh2cu.html.gz","AssetFile":"team-management.html.gz","Selectors":[],"ResponseHeaders":[{"Name":"Accept-Ranges","Value":"bytes"},{"Name":"Cache-Control","Value":"max-age=31536000, immutable"},{"Name":"Content-Encoding","Value":"gzip"},{"Name":"Content-Length","Value":"3207"},{"Name":"Content-Type","Value":"text/html"},{"Name":"ETag","Value":"\"Mn9J3B9K/Bc+QEPPuNvmEgR0Bu6zmiAxZmZvsjR8c5s=\""},{"Name":"Last-Modified","Value":"Thu, 26 Feb 2026 01:04:41 GMT"},{"Name":"Vary","Value":"Content-Encoding"}],"EndpointProperties":[{"Name":"fingerprint","Value":"cc84clh2cu"},{"Name":"integrity","Value":"sha256-Mn9J3B9K/Bc+QEPPuNvmEgR0Bu6zmiAxZmZvsjR8c5s="},{"Name":"label","Value":"team-management.html.gz"}]},{"Route":"team-management.html","AssetFile":"team-management.html.gz","Selectors":[{"Name":"Content-Encoding","Value":"gzip","Quality":"0.000311720698"}],"ResponseHeaders":[{"Name":"Accept-Ranges","Value":"bytes"},{"Name":"Cache-Control","Value":"no-cache"},{"Name":"Content-Encoding","Value":"gzip"},{"Name":"Content-Length","Value":"3207"},{"Name":"Content-Type","Value":"text/html"},{"Name":"ETag","Value":"\"Mn9J3B9K/Bc+QEPPuNvmEgR0Bu6zmiAxZmZvsjR8c5s=\""},{"Name":"ETag","Value":"W/\"xGyJPNBa+TWLutGOK7NtDPxUV2//T5cqoeECloSERRA=\""},{"Name":"Last-Modified","Value":"Thu, 26 Feb 2026 01:04:41 GMT"},{"Name":"Vary","Value":"Content-Encoding"}],"EndpointProperties":[{"Name":"integrity","Value":"sha256-xGyJPNBa+TWLutGOK7NtDPxUV2//T5cqoeECloSERRA="}]},{"Route":"team-management.html","AssetFile":"team-management.html","Selectors":[],"ResponseHeaders":[{"Name":"Accept-Ranges","Value":"bytes"},{"Name":"Cache-Control","Value":"no-cache"},{"Name":"Content-Length","Value":"13729"},{"Name":"Content-Type","Value":"text/html"},{"Name":"ETag","Value":"\"xGyJPNBa+TWLutGOK7NtDPxUV2//T5cqoeECloSERRA=\""},{"Name":"Last-Modified","Value":"Thu, 26 Feb 2026 00:53:08 GMT"}],"EndpointProperties":[{"Name":"integrity","Value":"sha256-xGyJPNBa+TWLutGOK7NtDPxUV2//T5cqoeECloSERRA="}]},{"Route":"team-management.html.gz","AssetFile":"team-management.html.gz","Selectors":[],"ResponseHeaders":[{"Name":"Accept-Ranges","Value":"bytes"},{"Name":"Cache-Control","Value":"no-cache"},{"Name":"Content-Encoding","Value":"gzip"},{"Name":"Content-Length","Value":"3207"},{"Name":"Content-Type","Value":"text/html"},{"Name":"ETag","Value":"\"Mn9J3B9K/Bc+QEPPuNvmEgR0Bu6zmiAxZmZvsjR8c5s=\""},{"Name":"Last-Modified","Value":"Thu, 26 Feb 2026 01:04:41 GMT"},{"Name":"Vary","Value":"Content-Encoding"}],"EndpointProperties":[{"Name":"integrity","Value":"sha256-Mn9J3B9K/Bc+QEPPuNvmEgR0Bu6zmiAxZmZvsjR8c5s="}]},{"Route":"team-module.js","AssetFile":"team-module.js.gz","Selectors":[{"Name":"Content-Encoding","Value":"gzip","Quality":"0.000347222222"}],"ResponseHeaders":[{"Name":"Accept-Ranges","Value":"bytes"},{"Name":"Cache-Control","Value":"no-cache"},{"Name":"Content-Encoding","Value":"gzip"},{"Name":"Content-Length","Value":"2879"},{"Name":"Content-Type","Value":"text/javascript"},{"Name":"ETag","Value":"\"t7DcqysVUrLnsUvLYuQs+n+4C///7TUBNgVkVdPfvgw=\""},{"Name":"ETag","Value":"W/\"uRFwag/MVa6d8gBB2Yw/mPJg1keTcsSTIm3WopHPO68=\""},{"Name":"Last-Modified","Value":"Thu, 26 Feb 2026 01:14:23 GMT"},{"Name":"Vary","Value":"Content-Encoding"}],"EndpointProperties":[{"Name":"integrity","Value":"sha256-uRFwag/MVa6d8gBB2Yw/mPJg1keTcsSTIm3WopHPO68="}]},{"Route":"team-module.js","AssetFile":"team-module.js","Selectors":[],"ResponseHeaders":[{"Name":"Accept-Ranges","Value":"bytes"},{"Name":"Cache-Control","Value":"no-cache"},{"Name":"Content-Length","Value":"14225"},{"Name":"Content-Type","Value":"text/javascript"},{"Name":"ETag","Value":"\"uRFwag/MVa6d8gBB2Yw/mPJg1keTcsSTIm3WopHPO68=\""},{"Name":"Last-Modified","Value":"Thu, 26 Feb 2026 01:14:11 GMT"}],"EndpointProperties":[{"Name":"integrity","Value":"sha256-uRFwag/MVa6d8gBB2Yw/mPJg1keTcsSTIm3WopHPO68="}]},{"Route":"team-module.js.gz","AssetFile":"team-module.js.gz","Selectors":[],"ResponseHeaders":[{"Name":"Accept-Ranges","Value":"bytes"},{"Name":"Cache-Control","Value":"no-cache"},{"Name":"Content-Encoding","Value":"gzip"},{"Name":"Content-Length","Value":"2879"},{"Name":"Content-Type","Value":"text/javascript"},{"Name":"ETag","Value":"\"t7DcqysVUrLnsUvLYuQs+n+4C///7TUBNgVkVdPfvgw=\""},{"Name":"Last-Modified","Value":"Thu, 26 Feb 2026 01:14:23 GMT"},{"Name":"Vary","Value":"Content-Encoding"}],"EndpointProperties":[{"Name":"integrity","Value":"sha256-t7DcqysVUrLnsUvLYuQs+n+4C///7TUBNgVkVdPfvgw="}]},{"Route":"team-module.z14bxtrwno.js","AssetFile":"team-module.js.gz","Selectors":[{"Name":"Content-Encoding","Value":"gzip","Quality":"0.000347222222"}],"ResponseHeaders":[{"Name":"Accept-Ranges","Value":"bytes"},{"Name":"Cache-Control","Value":"max-age=31536000, immutable"},{"Name":"Content-Encoding","Value":"gzip"},{"Name":"Content-Length","Value":"2879"},{"Name":"Content-Type","Value":"text/javascript"},{"Name":"ETag","Value":"\"t7DcqysVUrLnsUvLYuQs+n+4C///7TUBNgVkVdPfvgw=\""},{"Name":"ETag","Value":"W/\"uRFwag/MVa6d8gBB2Yw/mPJg1keTcsSTIm3WopHPO68=\""},{"Name":"Last-Modified","Value":"Thu, 26 Feb 2026 01:14:23 GMT"},{"Name":"Vary","Value":"Content-Encoding"}],"EndpointProperties":[{"Name":"fingerprint","Value":"z14bxtrwno"},{"Name":"integrity","Value":"sha256-uRFwag/MVa6d8gBB2Yw/mPJg1keTcsSTIm3WopHPO68="},{"Name":"label","Value":"team-module.js"}]},{"Route":"team-module.z14bxtrwno.js","AssetFile":"team-module.js","Selectors":[],"ResponseHeaders":[{"Name":"Accept-Ranges","Value":"bytes"},{"Name":"Cache-Control","Value":"max-age=31536000, immutable"},{"Name":"Content-Length","Value":"14225"},{"Name":"Content-Type","Value":"text/javascript"},{"Name":"ETag","Value":"\"uRFwag/MVa6d8gBB2Yw/mPJg1keTcsSTIm3WopHPO68=\""},{"Name":"Last-Modified","Value":"Thu, 26 Feb 2026 01:14:11 GMT"}],"EndpointProperties":[{"Name":"fingerprint","Value":"z14bxtrwno"},{"Name":"integrity","Value":"sha256-uRFwag/MVa6d8gBB2Yw/mPJg1keTcsSTIm3WopHPO68="},{"Name":"label","Value":"team-module.js"}]},{"Route":"team-module.z14bxtrwno.js.gz","AssetFile":"team-module.js.gz","Selectors":[],"ResponseHeaders":[{"Name":"Accept-Ranges","Value":"bytes"},{"Name":"Cache-Control","Value":"max-age=31536000, immutable"},{"Name":"Content-Encoding","Value":"gzip"},{"Name":"Content-Length","Value":"2879"},{"Name":"Content-Type","Value":"text/javascript"},{"Name":"ETag","Value":"\"t7DcqysVUrLnsUvLYuQs+n+4C///7TUBNgVkVdPfvgw=\""},{"Name":"Last-Modified","Value":"Thu, 26 Feb 2026 01:14:23 GMT"},{"Name":"Vary","Value":"Content-Encoding"}],"EndpointProperties":[{"Name":"fingerprint","Value":"z14bxtrwno"},{"Name":"integrity","Value":"sha256-t7DcqysVUrLnsUvLYuQs+n+4C///7TUBNgVkVdPfvgw="},{"Name":"label","Value":"team-module.js.gz"}]}]}