{
  "timestamp": "2026-01-06T23:08:34.784Z",
  "from": "Platform Notifications <PlatformNotifications-noreply@google.com>",
  "subject": "Your project iaposte-email-monitor has been shut down",
  "date": "2026-01-06T04:32:13.000Z",
  "classification": {
    "type": "spam",
    "priority": "low",
    "confidence": 0.7,
    "tags": [
      "Spam",
      "À ignorer"
    ],
    "suggestedAction": "Marquer comme spam et archiver"
  },
  "hasAttachments": false,
  "attachmentCount": 0,
  "preview": "Project Permanent Deletion Warning\r\n\r\n\r\nDear Developer,\r\n\r\nYour Google Cloud project iaposte-email-monitor was shut down on January  \r\n06, 2026 4:32:11 AM UTC.\r\n\r\nShut-down projects and the data store"
}