{
  "timestamp": "2026-01-06T23:06:34.569Z",
  "from": "Platform Notifications <PlatformNotifications-noreply@google.com>",
  "subject": "Your project iapostemanage has been shut down",
  "date": "2026-01-06T04:37:35.000Z",
  "classification": {
    "type": "spam",
    "priority": "low",
    "confidence": 0.7,
    "tags": [
      "Spam",
      "À ignorer"
    ],
    "suggestedAction": "Marquer comme spam et archiver"
  },
  "hasAttachments": false,
  "attachmentCount": 0,
  "preview": "Project Permanent Deletion Warning\r\n\r\n\r\nDear Developer,\r\n\r\nYour Google Cloud project iapostemanage was shut down on January 06, 2026  \r\n4:37:33 AM UTC.\r\n\r\nShut-down projects and the data stored in the"
}