{
  "id": "sim-1768064825258-2",
  "timestamp": "2026-01-10T17:07:05.258Z",
  "from": "Ahmed Hassan <a.hassan@yahoo.fr>",
  "subject": "OQTF reçue - Recours urgent nécessaire",
  "body": "Maître,\n\nJ'ai reçu une OQTF de la préfecture de Bobigny hier (5 janvier 2026).\nDélai de recours : 30 jours.\n\nSituation :\n- Marié à française depuis 3 ans\n- 2 enfants français (5 et 7 ans)\n- Contrat de travail CDI depuis 2 ans\n\nDocuments disponibles :\n- Acte de mariage\n- Actes de naissance enfants\n- Contrat travail + bulletins salaire\n\nTéléphone : 07.89.12.34.56\n\nMerci de votre aide urgente.\n\nAhmed Hassan",
  "date": "2026-01-10T17:07:05.258Z",
  "classification": {
    "type": "ceseda",
    "priority": "critical",
    "confidence": 80,
    "tags": [
      "CESEDA",
      "Droit des étrangers"
    ],
    "suggestedAction": "Traiter en urgence critique"
  },
  "clientInfo": {
    "email": "a.hassan@yahoo.fr",
    "prenom": "Ahmed",
    "nom": "Hassan",
    "telephone": "07.89.12.34.56"
  },
  "hasAttachments": false,
  "attachmentCount": 0,
  "preview": "Maître,\n\nJ'ai reçu une OQTF de la préfecture de Bobigny hier (5 janvier 2026).\nDélai de recours : 30 jours.\n\nSituation :\n- Marié à française depuis 3 ans\n- 2 enfants français (5 et 7 ans)\n- Contrat de",
  "read": false,
  "processed": true,
  "simulation": true
}