{
  "id": "sim-1768064829330-6",
  "timestamp": "2026-01-10T17:07:09.330Z",
  "from": "newsletter@juridique-info.com",
  "subject": "Newsletter juridique - Nouveautés CESEDA janvier 2026",
  "body": "Cher abonné,\n\nDécouvrez les dernières actualités juridiques :\n- Modification délais OQTF\n- Nouvelles procédures naturalisation\n- Jurisprudence récente\n\nCliquez ici pour lire la suite...\n\nPour vous désabonner, cliquez ici.",
  "date": "2026-01-10T17:07:09.330Z",
  "classification": {
    "type": "ceseda",
    "priority": "critical",
    "confidence": 95,
    "tags": [
      "CESEDA",
      "Droit des étrangers"
    ],
    "suggestedAction": "Traiter en urgence critique"
  },
  "clientInfo": {
    "email": "newsletter@juridique-info.com"
  },
  "hasAttachments": false,
  "attachmentCount": 0,
  "preview": "Cher abonné,\n\nDécouvrez les dernières actualités juridiques :\n- Modification délais OQTF\n- Nouvelles procédures naturalisation\n- Jurisprudence récente\n\nCliquez ici pour lire la suite...\n\nPour vous dés",
  "read": false,
  "processed": true,
  "simulation": true
}