{
  "id": "sim-1768064828310-5",
  "timestamp": "2026-01-10T17:07:08.310Z",
  "from": "Jean Dupont <j.dupont@gmail.com>",
  "subject": "Re: Dossier regroupement familial - Documents complémentaires",
  "body": "Maître,\n\nSuite à notre entretien du 3 janvier, voici les documents complémentaires :\n\n- Attestation de logement (60m² pour 4 personnes)\n- 6 derniers bulletins de salaire (2500€ net/mois)\n- Avis d'imposition 2023 (revenus 35000€)\n- Certificat médical épouse et enfants\n\nLe dossier OFII peut-il être déposé cette semaine ?\n\nMerci,\nJean Dupont\nTel: 06.12.89.45.67",
  "date": "2026-01-10T17:07:08.310Z",
  "classification": {
    "type": "reponse_client",
    "priority": "high",
    "confidence": 75,
    "tags": [
      "Réponse client",
      "Suivi dossier"
    ],
    "suggestedAction": "Mettre à jour le dossier"
  },
  "clientInfo": {
    "email": "j.dupont@gmail.com",
    "prenom": "Jean",
    "nom": "Dupont",
    "telephone": "06.12.89.45.67"
  },
  "hasAttachments": false,
  "attachmentCount": 0,
  "preview": "Maître,\n\nSuite à notre entretien du 3 janvier, voici les documents complémentaires :\n\n- Attestation de logement (60m² pour 4 personnes)\n- 6 derniers bulletins de salaire (2500€ net/mois)\n- Avis d'impo",
  "read": false,
  "processed": true,
  "simulation": true
}