﻿<?xml version="1.0" encoding="utf-8"?>
<deployment>
  <id>5ada9933-19df-4f2e-aae6-0468f360936a</id>
  <author>N/A</author>
  <deployer>OneDeploy</deployer>
  <authorEmail>N/A</authorEmail>
  <message>N/A</message>
  <progress></progress>
  <status>Success</status>
  <statusText></statusText>
  <lastSuccessEndTime>2026-01-26T20:00:59.7101723Z</lastSuccessEndTime>
  <receivedTime>2026-01-26T20:00:48.4573474Z</receivedTime>
  <startTime>2026-01-26T20:00:49.9524762Z</startTime>
  <endTime>2026-01-26T20:00:59.7101723Z</endTime>
  <complete>True</complete>
  <is_temp>False</is_temp>
  <is_readonly>True</is_readonly>
  <buildSummary />
</deployment>