{
  "timestamp": "2026-01-06T23:13:05.125Z",
  "from": "Platform Notifications <PlatformNotifications-noreply@google.com>",
  "subject": "Your project iapostemanage-483504 has been shut down",
  "date": "2026-01-06T04:29:16.000Z",
  "classification": {
    "type": "spam",
    "priority": "low",
    "confidence": 0.7,
    "tags": [
      "Spam",
      "À ignorer"
    ],
    "suggestedAction": "Marquer comme spam et archiver"
  },
  "hasAttachments": false,
  "attachmentCount": 0,
  "preview": "Project Permanent Deletion Warning\r\n\r\n\r\nDear Developer,\r\n\r\nYour Google Cloud project iapostemanage-483504 was shut down on January 06,  \r\n2026 4:29:14 AM UTC.\r\n\r\nShut-down projects and the data stored"
}