{
  "id": "sim-1768064826274-3",
  "timestamp": "2026-01-10T17:07:06.274Z",
  "from": "noreply@laposte.fr",
  "subject": "Suivi de votre lettre recommandée 1A 123 456 789",
  "body": "Bonjour,\n\nVotre lettre recommandée avec accusé de réception a été distribuée le 06/01/2026 à 14h32.\n\nNuméro de suivi : 1A 123 456 789\nDestinataire : Préfecture du Val-de-Marne\nAdresse : 94000 Créteil\n\nStatut : DISTRIBUÉE\n\nCordialement,\nLa Poste",
  "date": "2026-01-10T17:07:06.274Z",
  "classification": {
    "type": "laposte_notification",
    "priority": "high",
    "confidence": 90,
    "tags": [
      "La Poste",
      "Suivi courrier"
    ],
    "suggestedAction": "Extraire numéro de suivi"
  },
  "clientInfo": {
    "email": "noreply@laposte.fr"
  },
  "hasAttachments": false,
  "attachmentCount": 0,
  "preview": "Bonjour,\n\nVotre lettre recommandée avec accusé de réception a été distribuée le 06/01/2026 à 14h32.\n\nNuméro de suivi : 1A 123 456 789\nDestinataire : Préfecture du Val-de-Marne\nAdresse : 94000 Créteil\n",
  "read": false,
  "processed": true,
  "simulation": true
}