{
  "timestamp": "2026-01-06T23:11:35.412Z",
  "from": "Google <no-reply@accounts.google.com>",
  "subject": "Security alert",
  "date": "2026-01-05T09:24:22.000Z",
  "classification": {
    "type": "general",
    "priority": "medium",
    "confidence": 0.5,
    "tags": [
      "Non classifié"
    ],
    "suggestedAction": "Révision manuelle nécessaire"
  },
  "hasAttachments": false,
  "attachmentCount": 0,
  "preview": "[image: Google]\r\nYou allowed Email Monitor access to some of your Google Account data\r\n\r\n\r\nsarraboudjellal57@gmail.com\r\n\r\nIf you didn’t allow Email Monitor access to some of your Google Account\r\ndata,"
}