{
  "id": "sim-1768064827292-4",
  "timestamp": "2026-01-10T17:07:07.292Z",
  "from": "Sophie Martin <sophie.martin@hotmail.com>",
  "subject": "Demande naturalisation française - Premier contact",
  "body": "Bonjour,\n\nJe souhaite faire une demande de naturalisation française.\n\nProfil :\n- Nationalité : Tunisienne\n- En France depuis : 2019 (5 ans)\n- Situation : Mariée à français\n- Enfants : 1 enfant français (né en 2022)\n- Travail : CDI dans l'informatique\n\nDocuments que j'ai :\n- Tous les justificatifs de séjour\n- Contrats de travail\n- Bulletins de salaire\n- Acte de mariage\n- Certificat de naissance enfant\n\nTéléphone : 06.78.45.12.90\n\nPouvez-vous me recevoir en consultation ?\n\nCordialement,\nSophie Martin",
  "date": "2026-01-10T17:07:07.292Z",
  "classification": {
    "type": "nouveau_client",
    "priority": "high",
    "confidence": 80,
    "tags": [
      "Nouveau client",
      "Premier contact"
    ],
    "suggestedAction": "Créer dossier et programmer consultation"
  },
  "clientInfo": {
    "email": "sophie.martin@hotmail.com",
    "prenom": "Sophie",
    "nom": "Martin",
    "telephone": "06.78.45.12.90",
    "nationalite": "Tunisienne"
  },
  "hasAttachments": false,
  "attachmentCount": 0,
  "preview": "Bonjour,\n\nJe souhaite faire une demande de naturalisation française.\n\nProfil :\n- Nationalité : Tunisienne\n- En France depuis : 2019 (5 ans)\n- Situation : Mariée à français\n- Enfants : 1 enfant françai",
  "read": false,
  "processed": true,
  "simulation": true
}