{
  "id": "sim-1768064824250-1",
  "timestamp": "2026-01-10T17:07:04.250Z",
  "from": "Marie Dubois <marie.dubois@gmail.com>",
  "subject": "URGENT - Renouvellement titre de séjour salarié",
  "body": "Bonjour Maître,\n\nJe suis Marie Dubois, de nationalité marocaine. Mon titre de séjour salarié expire le 20 février 2026.\n\nMon employeur (SARL TECH SOLUTIONS) a préparé tous les documents :\n- Contrat CDI signé\n- 3 derniers bulletins de salaire\n- Attestation employeur\n\nMon téléphone : 06.45.78.91.23\nAdresse : 15 rue de la Paix, 75001 Paris\n\nPouvez-vous m'aider pour le renouvellement ?\n\nCordialement,\nMarie Dubois",
  "date": "2026-01-10T17:07:04.253Z",
  "classification": {
    "type": "general",
    "priority": "medium",
    "confidence": 50,
    "tags": [
      "Non classifié"
    ],
    "suggestedAction": "Révision manuelle"
  },
  "clientInfo": {
    "email": "marie.dubois@gmail.com",
    "prenom": "Marie",
    "nom": "Dubois",
    "telephone": "06.45.78.91.23",
    "nationalite": "marocaine"
  },
  "hasAttachments": false,
  "attachmentCount": 0,
  "preview": "Bonjour Maître,\n\nJe suis Marie Dubois, de nationalité marocaine. Mon titre de séjour salarié expire le 20 février 2026.\n\nMon employeur (SARL TECH SOLUTIONS) a préparé tous les documents :\n- Contrat CD",
  "read": false,
  "processed": true,
  "simulation": true
}