{
  "platform": {
    "apiRuntime": "node:20"
  },
  "routes": [
    {
      "route": "/api/*",
      "allowedRoles": ["anonymous", "authenticated"]
    },
    {
      "route": "/admin/*",
      "allowedRoles": ["authenticated"]
    },
    {
      "route": "/dashboard/*", 
      "allowedRoles": ["authenticated"]
    },
    {
      "route": "/*",
      "allowedRoles": ["anonymous"]
    }
  ],
  "navigationFallback": {
    "rewrite": "/index.html",
    "exclude": ["/_next/*", "/api/*", "/*.ico", "/*.svg", "/*.png", "/*.json"]
  },
  "responseOverrides": {
    "401": {
      "statusCode": 302,
      "redirect": "/auth/login"
    },
    "404": {
      "rewrite": "/index.html",
      "statusCode": 200
    }
  },
  "globalHeaders": {
    "X-Content-Type-Options": "nosniff",
    "X-Frame-Options": "DENY",
    "X-XSS-Protection": "1; mode=block",
    "Referrer-Policy": "strict-origin-when-cross-origin",
    "Permissions-Policy": "camera=(), microphone=(), geolocation=()",
    "Strict-Transport-Security": "max-age=63072000; includeSubDomains; preload"
  },
  "mimeTypes": {
    ".json": "application/json",
    ".js": "application/javascript",
    ".css": "text/css",
    ".png": "image/png",
    ".jpg": "image/jpeg",
    ".svg": "image/svg+xml",
    ".woff": "font/woff",
    ".woff2": "font/woff2"
  }
}
